[     767ms] [INFO] %cDownload the React DevTools for a better development experience: https://react.dev/link/react-devtools font-weight:bold @ http://localhost:3002/_next/static/chunks/0nan_next_dist_0re-alt._.js:2431
[     928ms] [LOG] [HMR] connected @ http://localhost:3002/_next/static/chunks/0nan_next_dist_0re-alt._.js:2431
[    1695ms] Error: Hydration failed because the server rendered text didn't match the client. As a result this tree will be regenerated on the client. This can happen if a SSR-ed Client Component used:

- A server/client branch `if (typeof window !== 'undefined')`.
- Variable input such as `Date.now()` or `Math.random()` which changes each time it's called.
- Date formatting in a user's locale which doesn't match the server.
- External changing data without sending a snapshot of it along with the HTML.
- Invalid HTML tag nesting.

It can also happen if the client has a browser extension installed which messes with the HTML before React loaded.

https://react.dev/link/hydration-mismatch

  ...
    <LoadingBoundary name="/" loading={null}>
      <HTTPAccessFallbackBoundary notFound={{...}} forbidden={undefined} unauthorized={undefined}>
        <HTTPAccessFallbackErrorBoundary pathname="/" notFound={{...}} forbidden={undefined} unauthorized={undefined} ...>
          <RedirectBoundary>
            <RedirectErrorBoundary router={{...}}>
              <InnerLayoutRouter url="/?workspac..." tree={[...]} params={{}} cacheNode={{rsc:{...}, ...}} ...>
                <SegmentViewNode type="page" pagePath="page.tsx">
                  <SegmentTrieNode>
                  <Home>
                    <HostWorkbench apiBaseUrl="http://loc..." initialWorkspace="energy-query">
                      <main className="flex h-scr...">
                        <header className="relative z...">
                          <div className="relative w...">
                            <WorkspaceNavigation>
                            <div>
                            <DataAnalysisHeaderStatus>
                              <div className="data-heade..." style={{...}}>
                                <div>
                                <span>
                                <div
                                  className="data-status-cell text-right"
                                  data-tooltip-actions={undefined}
                                  data-tooltip-body={undefined}
+                                 data-tooltip-rows={"[{\"label\":\"服务器时间\",\"value\":\"20:09:29\"},{\"label\":\"时区\"..."}
-                                 data-tooltip-rows={"[{\"label\":\"服务器时间\",\"value\":\"20:08:37\"},{\"label\":\"时区\"..."}
                                  data-tooltip-title="时间同步状态"
                                >
                                  <div>
                                    <div>
                                    <div
                                      className="mt-1 text-[20px] font-bold leading-none text-[#7AF7FF]"
                                      style={{fontFamily:"var(--font..."}}
                                    >
+                                     20:09:29
-                                     20:08:37
                                ...
                        ...
                ...
              ...

    at throwOnHydrationMismatch (http://localhost:3002/_next/static/chunks/0nan_next_dist_compiled_react-dom_0-5eaha._.js:3318:56)
    at prepareToHydrateHostInstance (http://localhost:3002/_next/static/chunks/0nan_next_dist_compiled_react-dom_0-5eaha._.js:3372:23)
    at completeWork (http://localhost:3002/_next/static/chunks/0nan_next_dist_compiled_react-dom_0-5eaha._.js:6922:60)
    at runWithFiberInDEV (http://localhost:3002/_next/static/chunks/0nan_next_dist_compiled_react-dom_0-5eaha._.js:965:74)
    at completeUnitOfWork (http://localhost:3002/_next/static/chunks/0nan_next_dist_compiled_react-dom_0-5eaha._.js:9622:23)
    at performUnitOfWork (http://localhost:3002/_next/static/chunks/0nan_next_dist_compiled_react-dom_0-5eaha._.js:9557:28)
    at workLoopConcurrentByScheduler (http://localhost:3002/_next/static/chunks/0nan_next_dist_compiled_react-dom_0-5eaha._.js:9551:58)
    at renderRootConcurrent (http://localhost:3002/_next/static/chunks/0nan_next_dist_compiled_react-dom_0-5eaha._.js:9534:71)
    at performWorkOnRoot (http://localhost:3002/_next/static/chunks/0nan_next_dist_compiled_react-dom_0-5eaha._.js:9061:150)
    at performWorkOnRootViaSchedulerTask (http://localhost:3002/_next/static/chunks/0nan_next_dist_compiled_react-dom_0-5eaha._.js:10255:9)
    at MessagePort.performWorkUntilDeadline (http://localhost:3002/_next/static/chunks/0nan_next_dist_compiled_020_qqi._.js:2647:64)
[    4669ms] [ERROR] Failed to load resource: the server responded with a status of 404 (Not Found) @ http://localhost:3010/projects/building/assets/1779616295563-4bda6117.glb:0
[    4669ms] [ERROR] Failed to load resource: the server responded with a status of 404 (Not Found) @ http://localhost:3010/projects/building/assets/1779616305118-b0fa5c40.glb:0
[    4669ms] [ERROR] Failed to load resource: the server responded with a status of 404 (Not Found) @ http://localhost:3010/projects/building/assets/1779616295563-4bda6117.glb:0
[    4669ms] [ERROR] Failed to load resource: the server responded with a status of 404 (Not Found) @ http://localhost:3010/projects/building/assets/1779616305118-b0fa5c40.glb:0
[    4719ms] [WARNING] THREE.THREE.Clock: This module has been deprecated. Please use THREE.Timer instead. @ http://localhost:3002/_next/static/chunks/0nan_next_dist_0re-alt._.js:2431
[    6076ms] [WARNING] The powerPreference option is currently ignored when calling requestAdapter() on Windows. See https://crbug.com/369219127 @ http://localhost:3002/_next/static/chunks/07nq_three_build_three_webgpu_0~8eknf.js:54770
[    6188ms] [WARNING] [viewer] Skipping KTX2 support detection for now. Error: Renderer: .hasFeature() called before the backend is initialized. Use "await renderer.init();" before before using this method.
    at WebGPURenderer.hasFeature (http://localhost:3002/_next/static/chunks/07nq_three_build_three_webgpu_0~8eknf.js:42217:19)
    at KTX2Loader.detectSupport (http://localhost:3002/_next/static/chunks/07nq_three_examples_jsm_06w-~s6._.js:2139:41)
    at useGLTFKTX2.useGLTF (http://localhost:3002/_next/static/chunks/packages_viewer_dist_0p7g7kr._.js:2419:40)
    at http://localhost:3002/_next/static/chunks/node_modules__bun_0veowj6._.js:532:13
    at http://localhost:3002/_next/static/chunks/0w35_%40react-three_fiber_dist_0ct~yi3._.js:1228:25
    at query (http://localhost:3002/_next/static/chunks/node_modules__bun_0xlr7hy._.js:2105:40)
    at suspend (http://localhost:3002/_next/static/chunks/node_modules__bun_0xlr7hy._.js:2118:37)
    at useLoader (http://localhost:3002/_next/static/chunks/0w35_%40react-three_fiber_dist_0ct~yi3._.js:1246:257)
    at useGLTF (http://localhost:3002/_next/static/chunks/node_modules__bun_0veowj6._.js:546:379)
    at useGLTFKTX2 (http://localhost:3002/_next/static/chunks/packages_viewer_dist_0p7g7kr._.js:2414:272)
    at ScanModel (http://localhost:3002/_next/static/chunks/packages_viewer_dist_0p7g7kr._.js:2552:195)
    at Object.react_stack_bottom_frame (http://localhost:3002/_next/static/chunks/0w35_%40react-three_fiber_dist_0ct~yi3._.js:13199:32)
    at It (http://localhost:3002/_next/static/chunks/0w35_%40react-three_fiber_dist_0ct~yi3._.js:9068:25)
    at ks (http://localhost:3002/_next/static/chunks/0w35_%40react-three_fiber_dist_0ct~yi3._.js:10188:374)
    at ve (http://localhost:3002/_next/static/chunks/0w35_%40react-three_fiber_dist_0ct~yi3._.js:10087:24)
    at mf (http://localhost:3002/_next/static/chunks/0w35_%40react-three_fiber_dist_0ct~yi3._.js:10073:160)
    at tt (http://localhost:3002/_next/static/chunks/0w35_%40react-three_fiber_dist_0ct~yi3._.js:10577:32)
    at B (http://localhost:3002/_next/static/chunks/0w35_%40react-three_fiber_dist_0ct~yi3._.js:7885:70)
    at Ph (http://localhost:3002/_next/static/chunks/0w35_%40react-three_fiber_dist_0ct~yi3._.js:12411:50)
    at wh (http://localhost:3002/_next/static/chunks/0w35_%40react-three_fiber_dist_0ct~yi3._.js:12328:36)
    at Ff (http://localhost:3002/_next/static/chunks/0w35_%40react-three_fiber_dist_0ct~yi3._.js:12319:21)
    at Lf (http://localhost:3002/_next/static/chunks/0w35_%40react-three_fiber_dist_0ct~yi3._.js:12071:104)
    at Tu (http://localhost:3002/_next/static/chunks/0w35_%40react-three_fiber_dist_0ct~yi3._.js:8282:129)
    at MessagePort.performWorkUntilDeadline (http://localhost:3002/_next/static/chunks/node_modules__bun_0xlr7hy._.js:2167:64) @ http://localhost:3002/_next/static/chunks/0nan_next_dist_0re-alt._.js:2431
[    6361ms] [ERROR] Failed to load resource: the server responded with a status of 404 (Not Found) @ http://localhost:3010/projects/building/assets/1779616295563-4bda6117.glb:0
[    6362ms] [ERROR] Failed to load resource: the server responded with a status of 404 (Not Found) @ http://localhost:3010/projects/building/assets/1779616305118-b0fa5c40.glb:0
[    6735ms] [ERROR] Failed to load resource: net::ERR_CONNECTION_CLOSED @ https://api.simplesvg.com/charm.json?icons=stack-push:0
[    8490ms] Error: Could not load http://localhost:3010/projects/building/assets/1779616295563-4bda6117.glb: fetch for "http://localhost:3010/projects/building/assets/1779616295563-4bda6117.glb" responded with 404: Not Found
    at http://localhost:3002/_next/static/chunks/0w35_%40react-three_fiber_dist_0ct~yi3._.js:1233:48
    at Object._onError [as onError] (http://localhost:3002/_next/static/chunks/0zlr_three-stdlib_0btc.-o._.js:907:17)
    at http://localhost:3002/_next/static/chunks/07nq_three_build_three_core_0bu59hz.js:31775:48
[    8491ms] Error: Could not load http://localhost:3010/projects/building/assets/1779616305118-b0fa5c40.glb: fetch for "http://localhost:3010/projects/building/assets/1779616305118-b0fa5c40.glb" responded with 404: Not Found
    at http://localhost:3002/_next/static/chunks/0w35_%40react-three_fiber_dist_0ct~yi3._.js:1233:48
    at Object._onError [as onError] (http://localhost:3002/_next/static/chunks/0zlr_three-stdlib_0btc.-o._.js:907:17)
    at http://localhost:3002/_next/static/chunks/07nq_three_build_three_core_0bu59hz.js:31775:48
[    9888ms] [ERROR] Encountered two children with the same key, `%s`. Keys should be unique so that components maintain their identity across updates. Non-unique keys may cause children to be duplicated and/or omitted — the behavior is unsupported and could change in a future version. 1779797377783 @ http://localhost:3002/_next/static/chunks/0nan_next_dist_0re-alt._.js:3272
[   10588ms] [ERROR] Encountered two children with the same key, `%s`. Keys should be unique so that components maintain their identity across updates. Non-unique keys may cause children to be duplicated and/or omitted — the behavior is unsupported and could change in a future version. 1779797377783 @ http://localhost:3002/_next/static/chunks/0nan_next_dist_0re-alt._.js:3272
[   12119ms] [ERROR] Encountered two children with the same key, `%s`. Keys should be unique so that components maintain their identity across updates. Non-unique keys may cause children to be duplicated and/or omitted — the behavior is unsupported and could change in a future version. 1779797377783 @ http://localhost:3002/_next/static/chunks/0nan_next_dist_0re-alt._.js:3272
[   12947ms] [ERROR] Encountered two children with the same key, `%s`. Keys should be unique so that components maintain their identity across updates. Non-unique keys may cause children to be duplicated and/or omitted — the behavior is unsupported and could change in a future version. 1779797377783 @ http://localhost:3002/_next/static/chunks/0nan_next_dist_0re-alt._.js:3272
[   13901ms] [ERROR] Encountered two children with the same key, `%s`. Keys should be unique so that components maintain their identity across updates. Non-unique keys may cause children to be duplicated and/or omitted — the behavior is unsupported and could change in a future version. 1779797377783 @ http://localhost:3002/_next/static/chunks/0nan_next_dist_0re-alt._.js:3272
[   15020ms] [ERROR] Encountered two children with the same key, `%s`. Keys should be unique so that components maintain their identity across updates. Non-unique keys may cause children to be duplicated and/or omitted — the behavior is unsupported and could change in a future version. 1779797377783 @ http://localhost:3002/_next/static/chunks/0nan_next_dist_0re-alt._.js:3272
[   16037ms] [ERROR] Encountered two children with the same key, `%s`. Keys should be unique so that components maintain their identity across updates. Non-unique keys may cause children to be duplicated and/or omitted — the behavior is unsupported and could change in a future version. 1779797377783 @ http://localhost:3002/_next/static/chunks/0nan_next_dist_0re-alt._.js:3272
[   16888ms] [ERROR] Encountered two children with the same key, `%s`. Keys should be unique so that components maintain their identity across updates. Non-unique keys may cause children to be duplicated and/or omitted — the behavior is unsupported and could change in a future version. 1779797377783 @ http://localhost:3002/_next/static/chunks/0nan_next_dist_0re-alt._.js:3272
[   18913ms] [ERROR] Encountered two children with the same key, `%s`. Keys should be unique so that components maintain their identity across updates. Non-unique keys may cause children to be duplicated and/or omitted — the behavior is unsupported and could change in a future version. 1779797377783 @ http://localhost:3002/_next/static/chunks/0nan_next_dist_0re-alt._.js:3272
[   20027ms] [ERROR] Encountered two children with the same key, `%s`. Keys should be unique so that components maintain their identity across updates. Non-unique keys may cause children to be duplicated and/or omitted — the behavior is unsupported and could change in a future version. 1779797377783 @ http://localhost:3002/_next/static/chunks/0nan_next_dist_0re-alt._.js:3272
[   21102ms] [ERROR] Encountered two children with the same key, `%s`. Keys should be unique so that components maintain their identity across updates. Non-unique keys may cause children to be duplicated and/or omitted — the behavior is unsupported and could change in a future version. 1779797377783 @ http://localhost:3002/_next/static/chunks/0nan_next_dist_0re-alt._.js:3272
[   21810ms] [ERROR] Encountered two children with the same key, `%s`. Keys should be unique so that components maintain their identity across updates. Non-unique keys may cause children to be duplicated and/or omitted — the behavior is unsupported and could change in a future version. 1779797377783 @ http://localhost:3002/_next/static/chunks/0nan_next_dist_0re-alt._.js:3272
[   22933ms] [ERROR] Encountered two children with the same key, `%s`. Keys should be unique so that components maintain their identity across updates. Non-unique keys may cause children to be duplicated and/or omitted — the behavior is unsupported and could change in a future version. 1779797377783 @ http://localhost:3002/_next/static/chunks/0nan_next_dist_0re-alt._.js:3272
[   24537ms] [LOG] [Fast Refresh] rebuilding @ http://localhost:3002/_next/static/chunks/0nan_next_dist_0re-alt._.js:2431
[   24543ms] [LOG] [Fast Refresh] done in 257ms @ http://localhost:3002/_next/static/chunks/0nan_next_dist_0re-alt._.js:2431
[   25079ms] [ERROR] Encountered two children with the same key, `%s`. Keys should be unique so that components maintain their identity across updates. Non-unique keys may cause children to be duplicated and/or omitted — the behavior is unsupported and could change in a future version. 1779797377783 @ http://localhost:3002/_next/static/chunks/0nan_next_dist_0re-alt._.js:3272
[   25848ms] [ERROR] Encountered two children with the same key, `%s`. Keys should be unique so that components maintain their identity across updates. Non-unique keys may cause children to be duplicated and/or omitted — the behavior is unsupported and could change in a future version. 1779797377783 @ http://localhost:3002/_next/static/chunks/0nan_next_dist_0re-alt._.js:3272
[   27809ms] [ERROR] Encountered two children with the same key, `%s`. Keys should be unique so that components maintain their identity across updates. Non-unique keys may cause children to be duplicated and/or omitted — the behavior is unsupported and could change in a future version. 1779797377783 @ http://localhost:3002/_next/static/chunks/0nan_next_dist_0re-alt._.js:3272
[   29060ms] [ERROR] Encountered two children with the same key, `%s`. Keys should be unique so that components maintain their identity across updates. Non-unique keys may cause children to be duplicated and/or omitted — the behavior is unsupported and could change in a future version. 1779797377783 @ http://localhost:3002/_next/static/chunks/0nan_next_dist_0re-alt._.js:3272
[   29941ms] [ERROR] Encountered two children with the same key, `%s`. Keys should be unique so that components maintain their identity across updates. Non-unique keys may cause children to be duplicated and/or omitted — the behavior is unsupported and could change in a future version. 1779797377783 @ http://localhost:3002/_next/static/chunks/0nan_next_dist_0re-alt._.js:3272
[   31043ms] [ERROR] Encountered two children with the same key, `%s`. Keys should be unique so that components maintain their identity across updates. Non-unique keys may cause children to be duplicated and/or omitted — the behavior is unsupported and could change in a future version. 1779797377783 @ http://localhost:3002/_next/static/chunks/0nan_next_dist_0re-alt._.js:3272
[   32064ms] [ERROR] Encountered two children with the same key, `%s`. Keys should be unique so that components maintain their identity across updates. Non-unique keys may cause children to be duplicated and/or omitted — the behavior is unsupported and could change in a future version. 1779797377783 @ http://localhost:3002/_next/static/chunks/0nan_next_dist_0re-alt._.js:3272
[   32619ms] [ERROR] Encountered two children with the same key, `%s`. Keys should be unique so that components maintain their identity across updates. Non-unique keys may cause children to be duplicated and/or omitted — the behavior is unsupported and could change in a future version. 1779797377783 @ http://localhost:3002/_next/static/chunks/0nan_next_dist_0re-alt._.js:3272
[   34839ms] [ERROR] Encountered two children with the same key, `%s`. Keys should be unique so that components maintain their identity across updates. Non-unique keys may cause children to be duplicated and/or omitted — the behavior is unsupported and could change in a future version. 1779797377783 @ http://localhost:3002/_next/static/chunks/0nan_next_dist_0re-alt._.js:3272
[   36175ms] [ERROR] Encountered two children with the same key, `%s`. Keys should be unique so that components maintain their identity across updates. Non-unique keys may cause children to be duplicated and/or omitted — the behavior is unsupported and could change in a future version. 1779797377783 @ http://localhost:3002/_next/static/chunks/0nan_next_dist_0re-alt._.js:3272
[   36962ms] [ERROR] Encountered two children with the same key, `%s`. Keys should be unique so that components maintain their identity across updates. Non-unique keys may cause children to be duplicated and/or omitted — the behavior is unsupported and could change in a future version. 1779797377783 @ http://localhost:3002/_next/static/chunks/0nan_next_dist_0re-alt._.js:3272
[   66034ms] [ERROR] Encountered two children with the same key, `%s`. Keys should be unique so that components maintain their identity across updates. Non-unique keys may cause children to be duplicated and/or omitted — the behavior is unsupported and could change in a future version. 1779797433349 @ http://localhost:3002/_next/static/chunks/0nan_next_dist_0re-alt._.js:3272
[   67894ms] [ERROR] Encountered two children with the same key, `%s`. Keys should be unique so that components maintain their identity across updates. Non-unique keys may cause children to be duplicated and/or omitted — the behavior is unsupported and could change in a future version. 1779797433349 @ http://localhost:3002/_next/static/chunks/0nan_next_dist_0re-alt._.js:3272
[   68871ms] [ERROR] Encountered two children with the same key, `%s`. Keys should be unique so that components maintain their identity across updates. Non-unique keys may cause children to be duplicated and/or omitted — the behavior is unsupported and could change in a future version. 1779797433349 @ http://localhost:3002/_next/static/chunks/0nan_next_dist_0re-alt._.js:3272
[   70024ms] [ERROR] Encountered two children with the same key, `%s`. Keys should be unique so that components maintain their identity across updates. Non-unique keys may cause children to be duplicated and/or omitted — the behavior is unsupported and could change in a future version. 1779797433349 @ http://localhost:3002/_next/static/chunks/0nan_next_dist_0re-alt._.js:3272
[   71844ms] [ERROR] Encountered two children with the same key, `%s`. Keys should be unique so that components maintain their identity across updates. Non-unique keys may cause children to be duplicated and/or omitted — the behavior is unsupported and could change in a future version. 1779797433349 @ http://localhost:3002/_next/static/chunks/0nan_next_dist_0re-alt._.js:3272
[   73068ms] [ERROR] Encountered two children with the same key, `%s`. Keys should be unique so that components maintain their identity across updates. Non-unique keys may cause children to be duplicated and/or omitted — the behavior is unsupported and could change in a future version. 1779797433349 @ http://localhost:3002/_next/static/chunks/0nan_next_dist_0re-alt._.js:3272
[   73593ms] [ERROR] Encountered two children with the same key, `%s`. Keys should be unique so that components maintain their identity across updates. Non-unique keys may cause children to be duplicated and/or omitted — the behavior is unsupported and could change in a future version. 1779797433349 @ http://localhost:3002/_next/static/chunks/0nan_next_dist_0re-alt._.js:3272
[   75115ms] [ERROR] Encountered two children with the same key, `%s`. Keys should be unique so that components maintain their identity across updates. Non-unique keys may cause children to be duplicated and/or omitted — the behavior is unsupported and could change in a future version. 1779797433349 @ http://localhost:3002/_next/static/chunks/0nan_next_dist_0re-alt._.js:3272
[   75679ms] [ERROR] Encountered two children with the same key, `%s`. Keys should be unique so that components maintain their identity across updates. Non-unique keys may cause children to be duplicated and/or omitted — the behavior is unsupported and could change in a future version. 1779797433349 @ http://localhost:3002/_next/static/chunks/0nan_next_dist_0re-alt._.js:3272
[   77156ms] [ERROR] Encountered two children with the same key, `%s`. Keys should be unique so that components maintain their identity across updates. Non-unique keys may cause children to be duplicated and/or omitted — the behavior is unsupported and could change in a future version. 1779797433349 @ http://localhost:3002/_next/static/chunks/0nan_next_dist_0re-alt._.js:3272
[   77791ms] [ERROR] Encountered two children with the same key, `%s`. Keys should be unique so that components maintain their identity across updates. Non-unique keys may cause children to be duplicated and/or omitted — the behavior is unsupported and could change in a future version. 1779797433349 @ http://localhost:3002/_next/static/chunks/0nan_next_dist_0re-alt._.js:3272
[   79023ms] [ERROR] Encountered two children with the same key, `%s`. Keys should be unique so that components maintain their identity across updates. Non-unique keys may cause children to be duplicated and/or omitted — the behavior is unsupported and could change in a future version. 1779797433349 @ http://localhost:3002/_next/static/chunks/0nan_next_dist_0re-alt._.js:3272
[   79832ms] [ERROR] Encountered two children with the same key, `%s`. Keys should be unique so that components maintain their identity across updates. Non-unique keys may cause children to be duplicated and/or omitted — the behavior is unsupported and could change in a future version. 1779797433349 @ http://localhost:3002/_next/static/chunks/0nan_next_dist_0re-alt._.js:3272
[   81070ms] [ERROR] Encountered two children with the same key, `%s`. Keys should be unique so that components maintain their identity across updates. Non-unique keys may cause children to be duplicated and/or omitted — the behavior is unsupported and could change in a future version. 1779797433349 @ http://localhost:3002/_next/static/chunks/0nan_next_dist_0re-alt._.js:3272
[   81982ms] [ERROR] Encountered two children with the same key, `%s`. Keys should be unique so that components maintain their identity across updates. Non-unique keys may cause children to be duplicated and/or omitted — the behavior is unsupported and could change in a future version. 1779797433349 @ http://localhost:3002/_next/static/chunks/0nan_next_dist_0re-alt._.js:3272
[   84069ms] [ERROR] Encountered two children with the same key, `%s`. Keys should be unique so that components maintain their identity across updates. Non-unique keys may cause children to be duplicated and/or omitted — the behavior is unsupported and could change in a future version. 1779797433349 @ http://localhost:3002/_next/static/chunks/0nan_next_dist_0re-alt._.js:3272
[   85153ms] [ERROR] Encountered two children with the same key, `%s`. Keys should be unique so that components maintain their identity across updates. Non-unique keys may cause children to be duplicated and/or omitted — the behavior is unsupported and could change in a future version. 1779797433349 @ http://localhost:3002/_next/static/chunks/0nan_next_dist_0re-alt._.js:3272
[   85854ms] [ERROR] Encountered two children with the same key, `%s`. Keys should be unique so that components maintain their identity across updates. Non-unique keys may cause children to be duplicated and/or omitted — the behavior is unsupported and could change in a future version. 1779797433349 @ http://localhost:3002/_next/static/chunks/0nan_next_dist_0re-alt._.js:3272
[   87141ms] [ERROR] Encountered two children with the same key, `%s`. Keys should be unique so that components maintain their identity across updates. Non-unique keys may cause children to be duplicated and/or omitted — the behavior is unsupported and could change in a future version. 1779797433349 @ http://localhost:3002/_next/static/chunks/0nan_next_dist_0re-alt._.js:3272
[   87776ms] [ERROR] Encountered two children with the same key, `%s`. Keys should be unique so that components maintain their identity across updates. Non-unique keys may cause children to be duplicated and/or omitted — the behavior is unsupported and could change in a future version. 1779797433349 @ http://localhost:3002/_next/static/chunks/0nan_next_dist_0re-alt._.js:3272
[   89113ms] [ERROR] Encountered two children with the same key, `%s`. Keys should be unique so that components maintain their identity across updates. Non-unique keys may cause children to be duplicated and/or omitted — the behavior is unsupported and could change in a future version. 1779797433349 @ http://localhost:3002/_next/static/chunks/0nan_next_dist_0re-alt._.js:3272
[   90007ms] [ERROR] Encountered two children with the same key, `%s`. Keys should be unique so that components maintain their identity across updates. Non-unique keys may cause children to be duplicated and/or omitted — the behavior is unsupported and could change in a future version. 1779797433349 @ http://localhost:3002/_next/static/chunks/0nan_next_dist_0re-alt._.js:3272
[   90939ms] [ERROR] Encountered two children with the same key, `%s`. Keys should be unique so that components maintain their identity across updates. Non-unique keys may cause children to be duplicated and/or omitted — the behavior is unsupported and could change in a future version. 1779797433349 @ http://localhost:3002/_next/static/chunks/0nan_next_dist_0re-alt._.js:3272
[  109638ms] [ERROR] Encountered two children with the same key, `%s`. Keys should be unique so that components maintain their identity across updates. Non-unique keys may cause children to be duplicated and/or omitted — the behavior is unsupported and could change in a future version. 1779797477536 @ http://localhost:3002/_next/static/chunks/0nan_next_dist_0re-alt._.js:3272
[  109639ms] [ERROR] Encountered two children with the same key, `%s`. Keys should be unique so that components maintain their identity across updates. Non-unique keys may cause children to be duplicated and/or omitted — the behavior is unsupported and could change in a future version. 1779797477536 @ http://localhost:3002/_next/static/chunks/0nan_next_dist_0re-alt._.js:3272
[  110771ms] [ERROR] Encountered two children with the same key, `%s`. Keys should be unique so that components maintain their identity across updates. Non-unique keys may cause children to be duplicated and/or omitted — the behavior is unsupported and could change in a future version. 1779797477536 @ http://localhost:3002/_next/static/chunks/0nan_next_dist_0re-alt._.js:3272
[  110772ms] [ERROR] Encountered two children with the same key, `%s`. Keys should be unique so that components maintain their identity across updates. Non-unique keys may cause children to be duplicated and/or omitted — the behavior is unsupported and could change in a future version. 1779797477536 @ http://localhost:3002/_next/static/chunks/0nan_next_dist_0re-alt._.js:3272
[  113109ms] [ERROR] Encountered two children with the same key, `%s`. Keys should be unique so that components maintain their identity across updates. Non-unique keys may cause children to be duplicated and/or omitted — the behavior is unsupported and could change in a future version. 1779797477536 @ http://localhost:3002/_next/static/chunks/0nan_next_dist_0re-alt._.js:3272
[  113109ms] [ERROR] Encountered two children with the same key, `%s`. Keys should be unique so that components maintain their identity across updates. Non-unique keys may cause children to be duplicated and/or omitted — the behavior is unsupported and could change in a future version. 1779797477536 @ http://localhost:3002/_next/static/chunks/0nan_next_dist_0re-alt._.js:3272
[  113844ms] [ERROR] Encountered two children with the same key, `%s`. Keys should be unique so that components maintain their identity across updates. Non-unique keys may cause children to be duplicated and/or omitted — the behavior is unsupported and could change in a future version. 1779797477536 @ http://localhost:3002/_next/static/chunks/0nan_next_dist_0re-alt._.js:3272
[  113844ms] [ERROR] Encountered two children with the same key, `%s`. Keys should be unique so that components maintain their identity across updates. Non-unique keys may cause children to be duplicated and/or omitted — the behavior is unsupported and could change in a future version. 1779797477536 @ http://localhost:3002/_next/static/chunks/0nan_next_dist_0re-alt._.js:3272
[  115707ms] [ERROR] Encountered two children with the same key, `%s`. Keys should be unique so that components maintain their identity across updates. Non-unique keys may cause children to be duplicated and/or omitted — the behavior is unsupported and could change in a future version. 1779797477536 @ http://localhost:3002/_next/static/chunks/0nan_next_dist_0re-alt._.js:3272
[  115707ms] [ERROR] Encountered two children with the same key, `%s`. Keys should be unique so that components maintain their identity across updates. Non-unique keys may cause children to be duplicated and/or omitted — the behavior is unsupported and could change in a future version. 1779797477536 @ http://localhost:3002/_next/static/chunks/0nan_next_dist_0re-alt._.js:3272
[  117158ms] [ERROR] Encountered two children with the same key, `%s`. Keys should be unique so that components maintain their identity across updates. Non-unique keys may cause children to be duplicated and/or omitted — the behavior is unsupported and could change in a future version. 1779797477536 @ http://localhost:3002/_next/static/chunks/0nan_next_dist_0re-alt._.js:3272
[  117158ms] [ERROR] Encountered two children with the same key, `%s`. Keys should be unique so that components maintain their identity across updates. Non-unique keys may cause children to be duplicated and/or omitted — the behavior is unsupported and could change in a future version. 1779797477536 @ http://localhost:3002/_next/static/chunks/0nan_next_dist_0re-alt._.js:3272
[  117970ms] [ERROR] Encountered two children with the same key, `%s`. Keys should be unique so that components maintain their identity across updates. Non-unique keys may cause children to be duplicated and/or omitted — the behavior is unsupported and could change in a future version. 1779797477536 @ http://localhost:3002/_next/static/chunks/0nan_next_dist_0re-alt._.js:3272
[  117970ms] [ERROR] Encountered two children with the same key, `%s`. Keys should be unique so that components maintain their identity across updates. Non-unique keys may cause children to be duplicated and/or omitted — the behavior is unsupported and could change in a future version. 1779797477536 @ http://localhost:3002/_next/static/chunks/0nan_next_dist_0re-alt._.js:3272
[  118838ms] [ERROR] Encountered two children with the same key, `%s`. Keys should be unique so that components maintain their identity across updates. Non-unique keys may cause children to be duplicated and/or omitted — the behavior is unsupported and could change in a future version. 1779797477536 @ http://localhost:3002/_next/static/chunks/0nan_next_dist_0re-alt._.js:3272
[  118838ms] [ERROR] Encountered two children with the same key, `%s`. Keys should be unique so that components maintain their identity across updates. Non-unique keys may cause children to be duplicated and/or omitted — the behavior is unsupported and could change in a future version. 1779797477536 @ http://localhost:3002/_next/static/chunks/0nan_next_dist_0re-alt._.js:3272
[  120146ms] [ERROR] Encountered two children with the same key, `%s`. Keys should be unique so that components maintain their identity across updates. Non-unique keys may cause children to be duplicated and/or omitted — the behavior is unsupported and could change in a future version. 1779797477536 @ http://localhost:3002/_next/static/chunks/0nan_next_dist_0re-alt._.js:3272
[  120146ms] [ERROR] Encountered two children with the same key, `%s`. Keys should be unique so that components maintain their identity across updates. Non-unique keys may cause children to be duplicated and/or omitted — the behavior is unsupported and could change in a future version. 1779797477536 @ http://localhost:3002/_next/static/chunks/0nan_next_dist_0re-alt._.js:3272
[  121169ms] [ERROR] Encountered two children with the same key, `%s`. Keys should be unique so that components maintain their identity across updates. Non-unique keys may cause children to be duplicated and/or omitted — the behavior is unsupported and could change in a future version. 1779797477536 @ http://localhost:3002/_next/static/chunks/0nan_next_dist_0re-alt._.js:3272
[  121169ms] [ERROR] Encountered two children with the same key, `%s`. Keys should be unique so that components maintain their identity across updates. Non-unique keys may cause children to be duplicated and/or omitted — the behavior is unsupported and could change in a future version. 1779797477536 @ http://localhost:3002/_next/static/chunks/0nan_next_dist_0re-alt._.js:3272
[  121949ms] [ERROR] Encountered two children with the same key, `%s`. Keys should be unique so that components maintain their identity across updates. Non-unique keys may cause children to be duplicated and/or omitted — the behavior is unsupported and could change in a future version. 1779797477536 @ http://localhost:3002/_next/static/chunks/0nan_next_dist_0re-alt._.js:3272
[  121949ms] [ERROR] Encountered two children with the same key, `%s`. Keys should be unique so that components maintain their identity across updates. Non-unique keys may cause children to be duplicated and/or omitted — the behavior is unsupported and could change in a future version. 1779797477536 @ http://localhost:3002/_next/static/chunks/0nan_next_dist_0re-alt._.js:3272
[  123369ms] [ERROR] Encountered two children with the same key, `%s`. Keys should be unique so that components maintain their identity across updates. Non-unique keys may cause children to be duplicated and/or omitted — the behavior is unsupported and could change in a future version. 1779797477536 @ http://localhost:3002/_next/static/chunks/0nan_next_dist_0re-alt._.js:3272
[  123369ms] [ERROR] Encountered two children with the same key, `%s`. Keys should be unique so that components maintain their identity across updates. Non-unique keys may cause children to be duplicated and/or omitted — the behavior is unsupported and could change in a future version. 1779797477536 @ http://localhost:3002/_next/static/chunks/0nan_next_dist_0re-alt._.js:3272
[  125031ms] [ERROR] Encountered two children with the same key, `%s`. Keys should be unique so that components maintain their identity across updates. Non-unique keys may cause children to be duplicated and/or omitted — the behavior is unsupported and could change in a future version. 1779797477536 @ http://localhost:3002/_next/static/chunks/0nan_next_dist_0re-alt._.js:3272
[  125031ms] [ERROR] Encountered two children with the same key, `%s`. Keys should be unique so that components maintain their identity across updates. Non-unique keys may cause children to be duplicated and/or omitted — the behavior is unsupported and could change in a future version. 1779797477536 @ http://localhost:3002/_next/static/chunks/0nan_next_dist_0re-alt._.js:3272
[  127056ms] [ERROR] Encountered two children with the same key, `%s`. Keys should be unique so that components maintain their identity across updates. Non-unique keys may cause children to be duplicated and/or omitted — the behavior is unsupported and could change in a future version. 1779797477536 @ http://localhost:3002/_next/static/chunks/0nan_next_dist_0re-alt._.js:3272
[  127056ms] [ERROR] Encountered two children with the same key, `%s`. Keys should be unique so that components maintain their identity across updates. Non-unique keys may cause children to be duplicated and/or omitted — the behavior is unsupported and could change in a future version. 1779797477536 @ http://localhost:3002/_next/static/chunks/0nan_next_dist_0re-alt._.js:3272
[  127647ms] [ERROR] Encountered two children with the same key, `%s`. Keys should be unique so that components maintain their identity across updates. Non-unique keys may cause children to be duplicated and/or omitted — the behavior is unsupported and could change in a future version. 1779797477536 @ http://localhost:3002/_next/static/chunks/0nan_next_dist_0re-alt._.js:3272
[  127647ms] [ERROR] Encountered two children with the same key, `%s`. Keys should be unique so that components maintain their identity across updates. Non-unique keys may cause children to be duplicated and/or omitted — the behavior is unsupported and could change in a future version. 1779797477536 @ http://localhost:3002/_next/static/chunks/0nan_next_dist_0re-alt._.js:3272
[  129078ms] [ERROR] Encountered two children with the same key, `%s`. Keys should be unique so that components maintain their identity across updates. Non-unique keys may cause children to be duplicated and/or omitted — the behavior is unsupported and could change in a future version. 1779797477536 @ http://localhost:3002/_next/static/chunks/0nan_next_dist_0re-alt._.js:3272
[  129078ms] [ERROR] Encountered two children with the same key, `%s`. Keys should be unique so that components maintain their identity across updates. Non-unique keys may cause children to be duplicated and/or omitted — the behavior is unsupported and could change in a future version. 1779797477536 @ http://localhost:3002/_next/static/chunks/0nan_next_dist_0re-alt._.js:3272
[  131067ms] [ERROR] Encountered two children with the same key, `%s`. Keys should be unique so that components maintain their identity across updates. Non-unique keys may cause children to be duplicated and/or omitted — the behavior is unsupported and could change in a future version. 1779797477536 @ http://localhost:3002/_next/static/chunks/0nan_next_dist_0re-alt._.js:3272
[  131068ms] [ERROR] Encountered two children with the same key, `%s`. Keys should be unique so that components maintain their identity across updates. Non-unique keys may cause children to be duplicated and/or omitted — the behavior is unsupported and could change in a future version. 1779797477536 @ http://localhost:3002/_next/static/chunks/0nan_next_dist_0re-alt._.js:3272
[  131865ms] [ERROR] Encountered two children with the same key, `%s`. Keys should be unique so that components maintain their identity across updates. Non-unique keys may cause children to be duplicated and/or omitted — the behavior is unsupported and could change in a future version. 1779797477536 @ http://localhost:3002/_next/static/chunks/0nan_next_dist_0re-alt._.js:3272
[  131866ms] [ERROR] Encountered two children with the same key, `%s`. Keys should be unique so that components maintain their identity across updates. Non-unique keys may cause children to be duplicated and/or omitted — the behavior is unsupported and could change in a future version. 1779797477536 @ http://localhost:3002/_next/static/chunks/0nan_next_dist_0re-alt._.js:3272
[  133936ms] [ERROR] Encountered two children with the same key, `%s`. Keys should be unique so that components maintain their identity across updates. Non-unique keys may cause children to be duplicated and/or omitted — the behavior is unsupported and could change in a future version. 1779797477536 @ http://localhost:3002/_next/static/chunks/0nan_next_dist_0re-alt._.js:3272
[  190052ms] [ERROR] Encountered two children with the same key, `%s`. Keys should be unique so that components maintain their identity across updates. Non-unique keys may cause children to be duplicated and/or omitted — the behavior is unsupported and could change in a future version. 1779797557394 @ http://localhost:3002/_next/static/chunks/0nan_next_dist_0re-alt._.js:3272
[  190695ms] [ERROR] Encountered two children with the same key, `%s`. Keys should be unique so that components maintain their identity across updates. Non-unique keys may cause children to be duplicated and/or omitted — the behavior is unsupported and could change in a future version. 1779797558360 @ http://localhost:3002/_next/static/chunks/0nan_next_dist_0re-alt._.js:3272
[  193068ms] [ERROR] Encountered two children with the same key, `%s`. Keys should be unique so that components maintain their identity across updates. Non-unique keys may cause children to be duplicated and/or omitted — the behavior is unsupported and could change in a future version. 1779797558360 @ http://localhost:3002/_next/static/chunks/0nan_next_dist_0re-alt._.js:3272
[  193405ms] [ERROR] Encountered two children with the same key, `%s`. Keys should be unique so that components maintain their identity across updates. Non-unique keys may cause children to be duplicated and/or omitted — the behavior is unsupported and could change in a future version. 1779797558360 @ http://localhost:3002/_next/static/chunks/0nan_next_dist_0re-alt._.js:3272
[  194696ms] [ERROR] Encountered two children with the same key, `%s`. Keys should be unique so that components maintain their identity across updates. Non-unique keys may cause children to be duplicated and/or omitted — the behavior is unsupported and could change in a future version. 1779797558360 @ http://localhost:3002/_next/static/chunks/0nan_next_dist_0re-alt._.js:3272
[  196960ms] [ERROR] Encountered two children with the same key, `%s`. Keys should be unique so that components maintain their identity across updates. Non-unique keys may cause children to be duplicated and/or omitted — the behavior is unsupported and could change in a future version. 1779797558360 @ http://localhost:3002/_next/static/chunks/0nan_next_dist_0re-alt._.js:3272
[  198043ms] [ERROR] Encountered two children with the same key, `%s`. Keys should be unique so that components maintain their identity across updates. Non-unique keys may cause children to be duplicated and/or omitted — the behavior is unsupported and could change in a future version. 1779797558360 @ http://localhost:3002/_next/static/chunks/0nan_next_dist_0re-alt._.js:3272
[  199186ms] [ERROR] Encountered two children with the same key, `%s`. Keys should be unique so that components maintain their identity across updates. Non-unique keys may cause children to be duplicated and/or omitted — the behavior is unsupported and could change in a future version. 1779797558360 @ http://localhost:3002/_next/static/chunks/0nan_next_dist_0re-alt._.js:3272
[  199975ms] [ERROR] Encountered two children with the same key, `%s`. Keys should be unique so that components maintain their identity across updates. Non-unique keys may cause children to be duplicated and/or omitted — the behavior is unsupported and could change in a future version. 1779797567355 @ http://localhost:3002/_next/static/chunks/0nan_next_dist_0re-alt._.js:3272
[  199975ms] [ERROR] Encountered two children with the same key, `%s`. Keys should be unique so that components maintain their identity across updates. Non-unique keys may cause children to be duplicated and/or omitted — the behavior is unsupported and could change in a future version. 1779797558360 @ http://localhost:3002/_next/static/chunks/0nan_next_dist_0re-alt._.js:3272
[  201143ms] [ERROR] Encountered two children with the same key, `%s`. Keys should be unique so that components maintain their identity across updates. Non-unique keys may cause children to be duplicated and/or omitted — the behavior is unsupported and could change in a future version. 1779797568424 @ http://localhost:3002/_next/static/chunks/0nan_next_dist_0re-alt._.js:3272
[  201143ms] [ERROR] Encountered two children with the same key, `%s`. Keys should be unique so that components maintain their identity across updates. Non-unique keys may cause children to be duplicated and/or omitted — the behavior is unsupported and could change in a future version. 1779797558360 @ http://localhost:3002/_next/static/chunks/0nan_next_dist_0re-alt._.js:3272
[  201907ms] [ERROR] Encountered two children with the same key, `%s`. Keys should be unique so that components maintain their identity across updates. Non-unique keys may cause children to be duplicated and/or omitted — the behavior is unsupported and could change in a future version. 1779797569258 @ http://localhost:3002/_next/static/chunks/0nan_next_dist_0re-alt._.js:3272
[  201907ms] [ERROR] Encountered two children with the same key, `%s`. Keys should be unique so that components maintain their identity across updates. Non-unique keys may cause children to be duplicated and/or omitted — the behavior is unsupported and could change in a future version. 1779797558360 @ http://localhost:3002/_next/static/chunks/0nan_next_dist_0re-alt._.js:3272
[  207482ms] [ERROR] Encountered two children with the same key, `%s`. Keys should be unique so that components maintain their identity across updates. Non-unique keys may cause children to be duplicated and/or omitted — the behavior is unsupported and could change in a future version. 1779797575258 @ http://localhost:3002/_next/static/chunks/0nan_next_dist_0re-alt._.js:3272
[  207482ms] [ERROR] Encountered two children with the same key, `%s`. Keys should be unique so that components maintain their identity across updates. Non-unique keys may cause children to be duplicated and/or omitted — the behavior is unsupported and could change in a future version. 1779797569258 @ http://localhost:3002/_next/static/chunks/0nan_next_dist_0re-alt._.js:3272
[  207482ms] [ERROR] Encountered two children with the same key, `%s`. Keys should be unique so that components maintain their identity across updates. Non-unique keys may cause children to be duplicated and/or omitted — the behavior is unsupported and could change in a future version. 1779797558360 @ http://localhost:3002/_next/static/chunks/0nan_next_dist_0re-alt._.js:3272
[  210036ms] [ERROR] Encountered two children with the same key, `%s`. Keys should be unique so that components maintain their identity across updates. Non-unique keys may cause children to be duplicated and/or omitted — the behavior is unsupported and could change in a future version. 1779797575258 @ http://localhost:3002/_next/static/chunks/0nan_next_dist_0re-alt._.js:3272
[  210036ms] [ERROR] Encountered two children with the same key, `%s`. Keys should be unique so that components maintain their identity across updates. Non-unique keys may cause children to be duplicated and/or omitted — the behavior is unsupported and could change in a future version. 1779797569258 @ http://localhost:3002/_next/static/chunks/0nan_next_dist_0re-alt._.js:3272
[  210036ms] [ERROR] Encountered two children with the same key, `%s`. Keys should be unique so that components maintain their identity across updates. Non-unique keys may cause children to be duplicated and/or omitted — the behavior is unsupported and could change in a future version. 1779797558360 @ http://localhost:3002/_next/static/chunks/0nan_next_dist_0re-alt._.js:3272
[  213747ms] [ERROR] Encountered two children with the same key, `%s`. Keys should be unique so that components maintain their identity across updates. Non-unique keys may cause children to be duplicated and/or omitted — the behavior is unsupported and could change in a future version. 1779797581632 @ http://localhost:3002/_next/static/chunks/0nan_next_dist_0re-alt._.js:3272
[  213747ms] [ERROR] Encountered two children with the same key, `%s`. Keys should be unique so that components maintain their identity across updates. Non-unique keys may cause children to be duplicated and/or omitted — the behavior is unsupported and could change in a future version. 1779797575258 @ http://localhost:3002/_next/static/chunks/0nan_next_dist_0re-alt._.js:3272
[  213748ms] [ERROR] Encountered two children with the same key, `%s`. Keys should be unique so that components maintain their identity across updates. Non-unique keys may cause children to be duplicated and/or omitted — the behavior is unsupported and could change in a future version. 1779797569258 @ http://localhost:3002/_next/static/chunks/0nan_next_dist_0re-alt._.js:3272
[  213748ms] [ERROR] Encountered two children with the same key, `%s`. Keys should be unique so that components maintain their identity across updates. Non-unique keys may cause children to be duplicated and/or omitted — the behavior is unsupported and could change in a future version. 1779797558360 @ http://localhost:3002/_next/static/chunks/0nan_next_dist_0re-alt._.js:3272
[  215981ms] [ERROR] Encountered two children with the same key, `%s`. Keys should be unique so that components maintain their identity across updates. Non-unique keys may cause children to be duplicated and/or omitted — the behavior is unsupported and could change in a future version. 1779797581632 @ http://localhost:3002/_next/static/chunks/0nan_next_dist_0re-alt._.js:3272
[  215981ms] [ERROR] Encountered two children with the same key, `%s`. Keys should be unique so that components maintain their identity across updates. Non-unique keys may cause children to be duplicated and/or omitted — the behavior is unsupported and could change in a future version. 1779797575258 @ http://localhost:3002/_next/static/chunks/0nan_next_dist_0re-alt._.js:3272
[  215981ms] [ERROR] Encountered two children with the same key, `%s`. Keys should be unique so that components maintain their identity across updates. Non-unique keys may cause children to be duplicated and/or omitted — the behavior is unsupported and could change in a future version. 1779797569258 @ http://localhost:3002/_next/static/chunks/0nan_next_dist_0re-alt._.js:3272
[  215981ms] [ERROR] Encountered two children with the same key, `%s`. Keys should be unique so that components maintain their identity across updates. Non-unique keys may cause children to be duplicated and/or omitted — the behavior is unsupported and could change in a future version. 1779797558360 @ http://localhost:3002/_next/static/chunks/0nan_next_dist_0re-alt._.js:3272
[  219047ms] [ERROR] Encountered two children with the same key, `%s`. Keys should be unique so that components maintain their identity across updates. Non-unique keys may cause children to be duplicated and/or omitted — the behavior is unsupported and could change in a future version. 1779797581632 @ http://localhost:3002/_next/static/chunks/0nan_next_dist_0re-alt._.js:3272
[  219047ms] [ERROR] Encountered two children with the same key, `%s`. Keys should be unique so that components maintain their identity across updates. Non-unique keys may cause children to be duplicated and/or omitted — the behavior is unsupported and could change in a future version. 1779797575258 @ http://localhost:3002/_next/static/chunks/0nan_next_dist_0re-alt._.js:3272
[  219047ms] [ERROR] Encountered two children with the same key, `%s`. Keys should be unique so that components maintain their identity across updates. Non-unique keys may cause children to be duplicated and/or omitted — the behavior is unsupported and could change in a future version. 1779797569258 @ http://localhost:3002/_next/static/chunks/0nan_next_dist_0re-alt._.js:3272
[  219047ms] [ERROR] Encountered two children with the same key, `%s`. Keys should be unique so that components maintain their identity across updates. Non-unique keys may cause children to be duplicated and/or omitted — the behavior is unsupported and could change in a future version. 1779797558360 @ http://localhost:3002/_next/static/chunks/0nan_next_dist_0re-alt._.js:3272
[  222003ms] [ERROR] Encountered two children with the same key, `%s`. Keys should be unique so that components maintain their identity across updates. Non-unique keys may cause children to be duplicated and/or omitted — the behavior is unsupported and could change in a future version. 1779797589594 @ http://localhost:3002/_next/static/chunks/0nan_next_dist_0re-alt._.js:3272
[  222003ms] [ERROR] Encountered two children with the same key, `%s`. Keys should be unique so that components maintain their identity across updates. Non-unique keys may cause children to be duplicated and/or omitted — the behavior is unsupported and could change in a future version. 1779797581632 @ http://localhost:3002/_next/static/chunks/0nan_next_dist_0re-alt._.js:3272
[  222003ms] [ERROR] Encountered two children with the same key, `%s`. Keys should be unique so that components maintain their identity across updates. Non-unique keys may cause children to be duplicated and/or omitted — the behavior is unsupported and could change in a future version. 1779797575258 @ http://localhost:3002/_next/static/chunks/0nan_next_dist_0re-alt._.js:3272
[  222003ms] [ERROR] Encountered two children with the same key, `%s`. Keys should be unique so that components maintain their identity across updates. Non-unique keys may cause children to be duplicated and/or omitted — the behavior is unsupported and could change in a future version. 1779797569258 @ http://localhost:3002/_next/static/chunks/0nan_next_dist_0re-alt._.js:3272
[  225252ms] [ERROR] Encountered two children with the same key, `%s`. Keys should be unique so that components maintain their identity across updates. Non-unique keys may cause children to be duplicated and/or omitted — the behavior is unsupported and could change in a future version. 1779797589594 @ http://localhost:3002/_next/static/chunks/0nan_next_dist_0re-alt._.js:3272
[  225252ms] [ERROR] Encountered two children with the same key, `%s`. Keys should be unique so that components maintain their identity across updates. Non-unique keys may cause children to be duplicated and/or omitted — the behavior is unsupported and could change in a future version. 1779797581632 @ http://localhost:3002/_next/static/chunks/0nan_next_dist_0re-alt._.js:3272
[  225252ms] [ERROR] Encountered two children with the same key, `%s`. Keys should be unique so that components maintain their identity across updates. Non-unique keys may cause children to be duplicated and/or omitted — the behavior is unsupported and could change in a future version. 1779797575258 @ http://localhost:3002/_next/static/chunks/0nan_next_dist_0re-alt._.js:3272
[  225253ms] [ERROR] Encountered two children with the same key, `%s`. Keys should be unique so that components maintain their identity across updates. Non-unique keys may cause children to be duplicated and/or omitted — the behavior is unsupported and could change in a future version. 1779797569258 @ http://localhost:3002/_next/static/chunks/0nan_next_dist_0re-alt._.js:3272
[  226690ms] [ERROR] Encountered two children with the same key, `%s`. Keys should be unique so that components maintain their identity across updates. Non-unique keys may cause children to be duplicated and/or omitted — the behavior is unsupported and could change in a future version. 1779797594185 @ http://localhost:3002/_next/static/chunks/0nan_next_dist_0re-alt._.js:3272
[  226690ms] [ERROR] Encountered two children with the same key, `%s`. Keys should be unique so that components maintain their identity across updates. Non-unique keys may cause children to be duplicated and/or omitted — the behavior is unsupported and could change in a future version. 1779797589594 @ http://localhost:3002/_next/static/chunks/0nan_next_dist_0re-alt._.js:3272
[  226690ms] [ERROR] Encountered two children with the same key, `%s`. Keys should be unique so that components maintain their identity across updates. Non-unique keys may cause children to be duplicated and/or omitted — the behavior is unsupported and could change in a future version. 1779797581632 @ http://localhost:3002/_next/static/chunks/0nan_next_dist_0re-alt._.js:3272
[  226690ms] [ERROR] Encountered two children with the same key, `%s`. Keys should be unique so that components maintain their identity across updates. Non-unique keys may cause children to be duplicated and/or omitted — the behavior is unsupported and could change in a future version. 1779797575258 @ http://localhost:3002/_next/static/chunks/0nan_next_dist_0re-alt._.js:3272
[  226690ms] [ERROR] Encountered two children with the same key, `%s`. Keys should be unique so that components maintain their identity across updates. Non-unique keys may cause children to be duplicated and/or omitted — the behavior is unsupported and could change in a future version. 1779797569258 @ http://localhost:3002/_next/static/chunks/0nan_next_dist_0re-alt._.js:3272
[  228867ms] [ERROR] Encountered two children with the same key, `%s`. Keys should be unique so that components maintain their identity across updates. Non-unique keys may cause children to be duplicated and/or omitted — the behavior is unsupported and could change in a future version. 1779797594185 @ http://localhost:3002/_next/static/chunks/0nan_next_dist_0re-alt._.js:3272
[  228867ms] [ERROR] Encountered two children with the same key, `%s`. Keys should be unique so that components maintain their identity across updates. Non-unique keys may cause children to be duplicated and/or omitted — the behavior is unsupported and could change in a future version. 1779797589594 @ http://localhost:3002/_next/static/chunks/0nan_next_dist_0re-alt._.js:3272
[  228868ms] [ERROR] Encountered two children with the same key, `%s`. Keys should be unique so that components maintain their identity across updates. Non-unique keys may cause children to be duplicated and/or omitted — the behavior is unsupported and could change in a future version. 1779797581632 @ http://localhost:3002/_next/static/chunks/0nan_next_dist_0re-alt._.js:3272
[  228868ms] [ERROR] Encountered two children with the same key, `%s`. Keys should be unique so that components maintain their identity across updates. Non-unique keys may cause children to be duplicated and/or omitted — the behavior is unsupported and could change in a future version. 1779797575258 @ http://localhost:3002/_next/static/chunks/0nan_next_dist_0re-alt._.js:3272
[  228868ms] [ERROR] Encountered two children with the same key, `%s`. Keys should be unique so that components maintain their identity across updates. Non-unique keys may cause children to be duplicated and/or omitted — the behavior is unsupported and could change in a future version. 1779797569258 @ http://localhost:3002/_next/static/chunks/0nan_next_dist_0re-alt._.js:3272
[  233211ms] [ERROR] Encountered two children with the same key, `%s`. Keys should be unique so that components maintain their identity across updates. Non-unique keys may cause children to be duplicated and/or omitted — the behavior is unsupported and could change in a future version. 1779797594185 @ http://localhost:3002/_next/static/chunks/0nan_next_dist_0re-alt._.js:3272
[  233211ms] [ERROR] Encountered two children with the same key, `%s`. Keys should be unique so that components maintain their identity across updates. Non-unique keys may cause children to be duplicated and/or omitted — the behavior is unsupported and could change in a future version. 1779797589594 @ http://localhost:3002/_next/static/chunks/0nan_next_dist_0re-alt._.js:3272
[  233211ms] [ERROR] Encountered two children with the same key, `%s`. Keys should be unique so that components maintain their identity across updates. Non-unique keys may cause children to be duplicated and/or omitted — the behavior is unsupported and could change in a future version. 1779797581632 @ http://localhost:3002/_next/static/chunks/0nan_next_dist_0re-alt._.js:3272
[  233211ms] [ERROR] Encountered two children with the same key, `%s`. Keys should be unique so that components maintain their identity across updates. Non-unique keys may cause children to be duplicated and/or omitted — the behavior is unsupported and could change in a future version. 1779797575258 @ http://localhost:3002/_next/static/chunks/0nan_next_dist_0re-alt._.js:3272
[  234919ms] [ERROR] Encountered two children with the same key, `%s`. Keys should be unique so that components maintain their identity across updates. Non-unique keys may cause children to be duplicated and/or omitted — the behavior is unsupported and could change in a future version. 1779797602812 @ http://localhost:3002/_next/static/chunks/0nan_next_dist_0re-alt._.js:3272
[  234919ms] [ERROR] Encountered two children with the same key, `%s`. Keys should be unique so that components maintain their identity across updates. Non-unique keys may cause children to be duplicated and/or omitted — the behavior is unsupported and could change in a future version. 1779797594185 @ http://localhost:3002/_next/static/chunks/0nan_next_dist_0re-alt._.js:3272
[  234920ms] [ERROR] Encountered two children with the same key, `%s`. Keys should be unique so that components maintain their identity across updates. Non-unique keys may cause children to be duplicated and/or omitted — the behavior is unsupported and could change in a future version. 1779797589594 @ http://localhost:3002/_next/static/chunks/0nan_next_dist_0re-alt._.js:3272
[  234920ms] [ERROR] Encountered two children with the same key, `%s`. Keys should be unique so that components maintain their identity across updates. Non-unique keys may cause children to be duplicated and/or omitted — the behavior is unsupported and could change in a future version. 1779797581632 @ http://localhost:3002/_next/static/chunks/0nan_next_dist_0re-alt._.js:3272
[  234920ms] [ERROR] Encountered two children with the same key, `%s`. Keys should be unique so that components maintain their identity across updates. Non-unique keys may cause children to be duplicated and/or omitted — the behavior is unsupported and could change in a future version. 1779797575258 @ http://localhost:3002/_next/static/chunks/0nan_next_dist_0re-alt._.js:3272
[  240912ms] [ERROR] Encountered two children with the same key, `%s`. Keys should be unique so that components maintain their identity across updates. Non-unique keys may cause children to be duplicated and/or omitted — the behavior is unsupported and could change in a future version. 1779797608611 @ http://localhost:3002/_next/static/chunks/0nan_next_dist_0re-alt._.js:3272
[  240912ms] [ERROR] Encountered two children with the same key, `%s`. Keys should be unique so that components maintain their identity across updates. Non-unique keys may cause children to be duplicated and/or omitted — the behavior is unsupported and could change in a future version. 1779797602812 @ http://localhost:3002/_next/static/chunks/0nan_next_dist_0re-alt._.js:3272
[  240913ms] [ERROR] Encountered two children with the same key, `%s`. Keys should be unique so that components maintain their identity across updates. Non-unique keys may cause children to be duplicated and/or omitted — the behavior is unsupported and could change in a future version. 1779797594185 @ http://localhost:3002/_next/static/chunks/0nan_next_dist_0re-alt._.js:3272
[  240913ms] [ERROR] Encountered two children with the same key, `%s`. Keys should be unique so that components maintain their identity across updates. Non-unique keys may cause children to be duplicated and/or omitted — the behavior is unsupported and could change in a future version. 1779797589594 @ http://localhost:3002/_next/static/chunks/0nan_next_dist_0re-alt._.js:3272
[  240913ms] [ERROR] Encountered two children with the same key, `%s`. Keys should be unique so that components maintain their identity across updates. Non-unique keys may cause children to be duplicated and/or omitted — the behavior is unsupported and could change in a future version. 1779797581632 @ http://localhost:3002/_next/static/chunks/0nan_next_dist_0re-alt._.js:3272
[  249895ms] [ERROR] Encountered two children with the same key, `%s`. Keys should be unique so that components maintain their identity across updates. Non-unique keys may cause children to be duplicated and/or omitted — the behavior is unsupported and could change in a future version. 1779797617777 @ http://localhost:3002/_next/static/chunks/0nan_next_dist_0re-alt._.js:3272
[  249895ms] [ERROR] Encountered two children with the same key, `%s`. Keys should be unique so that components maintain their identity across updates. Non-unique keys may cause children to be duplicated and/or omitted — the behavior is unsupported and could change in a future version. 1779797617777 @ http://localhost:3002/_next/static/chunks/0nan_next_dist_0re-alt._.js:3272
[  249896ms] [ERROR] Encountered two children with the same key, `%s`. Keys should be unique so that components maintain their identity across updates. Non-unique keys may cause children to be duplicated and/or omitted — the behavior is unsupported and could change in a future version. 1779797617777 @ http://localhost:3002/_next/static/chunks/0nan_next_dist_0re-alt._.js:3272
[  249896ms] [ERROR] Encountered two children with the same key, `%s`. Keys should be unique so that components maintain their identity across updates. Non-unique keys may cause children to be duplicated and/or omitted — the behavior is unsupported and could change in a future version. 1779797608611 @ http://localhost:3002/_next/static/chunks/0nan_next_dist_0re-alt._.js:3272
[  249896ms] [ERROR] Encountered two children with the same key, `%s`. Keys should be unique so that components maintain their identity across updates. Non-unique keys may cause children to be duplicated and/or omitted — the behavior is unsupported and could change in a future version. 1779797602812 @ http://localhost:3002/_next/static/chunks/0nan_next_dist_0re-alt._.js:3272
[  249896ms] [ERROR] Encountered two children with the same key, `%s`. Keys should be unique so that components maintain their identity across updates. Non-unique keys may cause children to be duplicated and/or omitted — the behavior is unsupported and could change in a future version. 1779797594185 @ http://localhost:3002/_next/static/chunks/0nan_next_dist_0re-alt._.js:3272
[  256072ms] [ERROR] Encountered two children with the same key, `%s`. Keys should be unique so that components maintain their identity across updates. Non-unique keys may cause children to be duplicated and/or omitted — the behavior is unsupported and could change in a future version. 1779797623259 @ http://localhost:3002/_next/static/chunks/0nan_next_dist_0re-alt._.js:3272
[  256072ms] [ERROR] Encountered two children with the same key, `%s`. Keys should be unique so that components maintain their identity across updates. Non-unique keys may cause children to be duplicated and/or omitted — the behavior is unsupported and could change in a future version. 1779797617777 @ http://localhost:3002/_next/static/chunks/0nan_next_dist_0re-alt._.js:3272
[  256072ms] [ERROR] Encountered two children with the same key, `%s`. Keys should be unique so that components maintain their identity across updates. Non-unique keys may cause children to be duplicated and/or omitted — the behavior is unsupported and could change in a future version. 1779797617777 @ http://localhost:3002/_next/static/chunks/0nan_next_dist_0re-alt._.js:3272
[  256073ms] [ERROR] Encountered two children with the same key, `%s`. Keys should be unique so that components maintain their identity across updates. Non-unique keys may cause children to be duplicated and/or omitted — the behavior is unsupported and could change in a future version. 1779797617777 @ http://localhost:3002/_next/static/chunks/0nan_next_dist_0re-alt._.js:3272
[  256073ms] [ERROR] Encountered two children with the same key, `%s`. Keys should be unique so that components maintain their identity across updates. Non-unique keys may cause children to be duplicated and/or omitted — the behavior is unsupported and could change in a future version. 1779797608611 @ http://localhost:3002/_next/static/chunks/0nan_next_dist_0re-alt._.js:3272
[  256073ms] [ERROR] Encountered two children with the same key, `%s`. Keys should be unique so that components maintain their identity across updates. Non-unique keys may cause children to be duplicated and/or omitted — the behavior is unsupported and could change in a future version. 1779797602812 @ http://localhost:3002/_next/static/chunks/0nan_next_dist_0re-alt._.js:3272
[  260020ms] [ERROR] Encountered two children with the same key, `%s`. Keys should be unique so that components maintain their identity across updates. Non-unique keys may cause children to be duplicated and/or omitted — the behavior is unsupported and could change in a future version. 1779797623259 @ http://localhost:3002/_next/static/chunks/0nan_next_dist_0re-alt._.js:3272
[  260021ms] [ERROR] Encountered two children with the same key, `%s`. Keys should be unique so that components maintain their identity across updates. Non-unique keys may cause children to be duplicated and/or omitted — the behavior is unsupported and could change in a future version. 1779797617777 @ http://localhost:3002/_next/static/chunks/0nan_next_dist_0re-alt._.js:3272
[  260021ms] [ERROR] Encountered two children with the same key, `%s`. Keys should be unique so that components maintain their identity across updates. Non-unique keys may cause children to be duplicated and/or omitted — the behavior is unsupported and could change in a future version. 1779797617777 @ http://localhost:3002/_next/static/chunks/0nan_next_dist_0re-alt._.js:3272
[  260021ms] [ERROR] Encountered two children with the same key, `%s`. Keys should be unique so that components maintain their identity across updates. Non-unique keys may cause children to be duplicated and/or omitted — the behavior is unsupported and could change in a future version. 1779797617777 @ http://localhost:3002/_next/static/chunks/0nan_next_dist_0re-alt._.js:3272
[  260021ms] [ERROR] Encountered two children with the same key, `%s`. Keys should be unique so that components maintain their identity across updates. Non-unique keys may cause children to be duplicated and/or omitted — the behavior is unsupported and could change in a future version. 1779797608611 @ http://localhost:3002/_next/static/chunks/0nan_next_dist_0re-alt._.js:3272
[  260021ms] [ERROR] Encountered two children with the same key, `%s`. Keys should be unique so that components maintain their identity across updates. Non-unique keys may cause children to be duplicated and/or omitted — the behavior is unsupported and could change in a future version. 1779797602812 @ http://localhost:3002/_next/static/chunks/0nan_next_dist_0re-alt._.js:3272
[  262118ms] [ERROR] Encountered two children with the same key, `%s`. Keys should be unique so that components maintain their identity across updates. Non-unique keys may cause children to be duplicated and/or omitted — the behavior is unsupported and could change in a future version. 1779797629492 @ http://localhost:3002/_next/static/chunks/0nan_next_dist_0re-alt._.js:3272
[  262119ms] [ERROR] Encountered two children with the same key, `%s`. Keys should be unique so that components maintain their identity across updates. Non-unique keys may cause children to be duplicated and/or omitted — the behavior is unsupported and could change in a future version. 1779797623259 @ http://localhost:3002/_next/static/chunks/0nan_next_dist_0re-alt._.js:3272
[  262119ms] [ERROR] Encountered two children with the same key, `%s`. Keys should be unique so that components maintain their identity across updates. Non-unique keys may cause children to be duplicated and/or omitted — the behavior is unsupported and could change in a future version. 1779797617777 @ http://localhost:3002/_next/static/chunks/0nan_next_dist_0re-alt._.js:3272
[  262119ms] [ERROR] Encountered two children with the same key, `%s`. Keys should be unique so that components maintain their identity across updates. Non-unique keys may cause children to be duplicated and/or omitted — the behavior is unsupported and could change in a future version. 1779797617777 @ http://localhost:3002/_next/static/chunks/0nan_next_dist_0re-alt._.js:3272
[  262119ms] [ERROR] Encountered two children with the same key, `%s`. Keys should be unique so that components maintain their identity across updates. Non-unique keys may cause children to be duplicated and/or omitted — the behavior is unsupported and could change in a future version. 1779797617777 @ http://localhost:3002/_next/static/chunks/0nan_next_dist_0re-alt._.js:3272
[  262119ms] [ERROR] Encountered two children with the same key, `%s`. Keys should be unique so that components maintain their identity across updates. Non-unique keys may cause children to be duplicated and/or omitted — the behavior is unsupported and could change in a future version. 1779797608611 @ http://localhost:3002/_next/static/chunks/0nan_next_dist_0re-alt._.js:3272
[  262119ms] [ERROR] Encountered two children with the same key, `%s`. Keys should be unique so that components maintain their identity across updates. Non-unique keys may cause children to be duplicated and/or omitted — the behavior is unsupported and could change in a future version. 1779797602812 @ http://localhost:3002/_next/static/chunks/0nan_next_dist_0re-alt._.js:3272
[  266045ms] [ERROR] Encountered two children with the same key, `%s`. Keys should be unique so that components maintain their identity across updates. Non-unique keys may cause children to be duplicated and/or omitted — the behavior is unsupported and could change in a future version. 1779797629492 @ http://localhost:3002/_next/static/chunks/0nan_next_dist_0re-alt._.js:3272
[  266045ms] [ERROR] Encountered two children with the same key, `%s`. Keys should be unique so that components maintain their identity across updates. Non-unique keys may cause children to be duplicated and/or omitted — the behavior is unsupported and could change in a future version. 1779797623259 @ http://localhost:3002/_next/static/chunks/0nan_next_dist_0re-alt._.js:3272
[  266045ms] [ERROR] Encountered two children with the same key, `%s`. Keys should be unique so that components maintain their identity across updates. Non-unique keys may cause children to be duplicated and/or omitted — the behavior is unsupported and could change in a future version. 1779797617777 @ http://localhost:3002/_next/static/chunks/0nan_next_dist_0re-alt._.js:3272
[  266045ms] [ERROR] Encountered two children with the same key, `%s`. Keys should be unique so that components maintain their identity across updates. Non-unique keys may cause children to be duplicated and/or omitted — the behavior is unsupported and could change in a future version. 1779797617777 @ http://localhost:3002/_next/static/chunks/0nan_next_dist_0re-alt._.js:3272
[  266046ms] [ERROR] Encountered two children with the same key, `%s`. Keys should be unique so that components maintain their identity across updates. Non-unique keys may cause children to be duplicated and/or omitted — the behavior is unsupported and could change in a future version. 1779797617777 @ http://localhost:3002/_next/static/chunks/0nan_next_dist_0re-alt._.js:3272
[  266046ms] [ERROR] Encountered two children with the same key, `%s`. Keys should be unique so that components maintain their identity across updates. Non-unique keys may cause children to be duplicated and/or omitted — the behavior is unsupported and could change in a future version. 1779797608611 @ http://localhost:3002/_next/static/chunks/0nan_next_dist_0re-alt._.js:3272
[  268087ms] [ERROR] Encountered two children with the same key, `%s`. Keys should be unique so that components maintain their identity across updates. Non-unique keys may cause children to be duplicated and/or omitted — the behavior is unsupported and could change in a future version. 1779797635482 @ http://localhost:3002/_next/static/chunks/0nan_next_dist_0re-alt._.js:3272
[  268087ms] [ERROR] Encountered two children with the same key, `%s`. Keys should be unique so that components maintain their identity across updates. Non-unique keys may cause children to be duplicated and/or omitted — the behavior is unsupported and could change in a future version. 1779797635482 @ http://localhost:3002/_next/static/chunks/0nan_next_dist_0re-alt._.js:3272
[  268087ms] [ERROR] Encountered two children with the same key, `%s`. Keys should be unique so that components maintain their identity across updates. Non-unique keys may cause children to be duplicated and/or omitted — the behavior is unsupported and could change in a future version. 1779797629492 @ http://localhost:3002/_next/static/chunks/0nan_next_dist_0re-alt._.js:3272
[  268087ms] [ERROR] Encountered two children with the same key, `%s`. Keys should be unique so that components maintain their identity across updates. Non-unique keys may cause children to be duplicated and/or omitted — the behavior is unsupported and could change in a future version. 1779797623259 @ http://localhost:3002/_next/static/chunks/0nan_next_dist_0re-alt._.js:3272
[  268087ms] [ERROR] Encountered two children with the same key, `%s`. Keys should be unique so that components maintain their identity across updates. Non-unique keys may cause children to be duplicated and/or omitted — the behavior is unsupported and could change in a future version. 1779797617777 @ http://localhost:3002/_next/static/chunks/0nan_next_dist_0re-alt._.js:3272
[  268087ms] [ERROR] Encountered two children with the same key, `%s`. Keys should be unique so that components maintain their identity across updates. Non-unique keys may cause children to be duplicated and/or omitted — the behavior is unsupported and could change in a future version. 1779797617777 @ http://localhost:3002/_next/static/chunks/0nan_next_dist_0re-alt._.js:3272
[  268087ms] [ERROR] Encountered two children with the same key, `%s`. Keys should be unique so that components maintain their identity across updates. Non-unique keys may cause children to be duplicated and/or omitted — the behavior is unsupported and could change in a future version. 1779797617777 @ http://localhost:3002/_next/static/chunks/0nan_next_dist_0re-alt._.js:3272
[  269018ms] [ERROR] Encountered two children with the same key, `%s`. Keys should be unique so that components maintain their identity across updates. Non-unique keys may cause children to be duplicated and/or omitted — the behavior is unsupported and could change in a future version. 1779797635482 @ http://localhost:3002/_next/static/chunks/0nan_next_dist_0re-alt._.js:3272
[  269018ms] [ERROR] Encountered two children with the same key, `%s`. Keys should be unique so that components maintain their identity across updates. Non-unique keys may cause children to be duplicated and/or omitted — the behavior is unsupported and could change in a future version. 1779797635482 @ http://localhost:3002/_next/static/chunks/0nan_next_dist_0re-alt._.js:3272
[  269019ms] [ERROR] Encountered two children with the same key, `%s`. Keys should be unique so that components maintain their identity across updates. Non-unique keys may cause children to be duplicated and/or omitted — the behavior is unsupported and could change in a future version. 1779797629492 @ http://localhost:3002/_next/static/chunks/0nan_next_dist_0re-alt._.js:3272
[  269019ms] [ERROR] Encountered two children with the same key, `%s`. Keys should be unique so that components maintain their identity across updates. Non-unique keys may cause children to be duplicated and/or omitted — the behavior is unsupported and could change in a future version. 1779797623259 @ http://localhost:3002/_next/static/chunks/0nan_next_dist_0re-alt._.js:3272
[  269019ms] [ERROR] Encountered two children with the same key, `%s`. Keys should be unique so that components maintain their identity across updates. Non-unique keys may cause children to be duplicated and/or omitted — the behavior is unsupported and could change in a future version. 1779797617777 @ http://localhost:3002/_next/static/chunks/0nan_next_dist_0re-alt._.js:3272
[  269019ms] [ERROR] Encountered two children with the same key, `%s`. Keys should be unique so that components maintain their identity across updates. Non-unique keys may cause children to be duplicated and/or omitted — the behavior is unsupported and could change in a future version. 1779797617777 @ http://localhost:3002/_next/static/chunks/0nan_next_dist_0re-alt._.js:3272
[  269019ms] [ERROR] Encountered two children with the same key, `%s`. Keys should be unique so that components maintain their identity across updates. Non-unique keys may cause children to be duplicated and/or omitted — the behavior is unsupported and could change in a future version. 1779797617777 @ http://localhost:3002/_next/static/chunks/0nan_next_dist_0re-alt._.js:3272
[  270728ms] [ERROR] Encountered two children with the same key, `%s`. Keys should be unique so that components maintain their identity across updates. Non-unique keys may cause children to be duplicated and/or omitted — the behavior is unsupported and could change in a future version. 1779797635482 @ http://localhost:3002/_next/static/chunks/0nan_next_dist_0re-alt._.js:3272
[  270728ms] [ERROR] Encountered two children with the same key, `%s`. Keys should be unique so that components maintain their identity across updates. Non-unique keys may cause children to be duplicated and/or omitted — the behavior is unsupported and could change in a future version. 1779797635482 @ http://localhost:3002/_next/static/chunks/0nan_next_dist_0re-alt._.js:3272
[  270728ms] [ERROR] Encountered two children with the same key, `%s`. Keys should be unique so that components maintain their identity across updates. Non-unique keys may cause children to be duplicated and/or omitted — the behavior is unsupported and could change in a future version. 1779797629492 @ http://localhost:3002/_next/static/chunks/0nan_next_dist_0re-alt._.js:3272
[  270729ms] [ERROR] Encountered two children with the same key, `%s`. Keys should be unique so that components maintain their identity across updates. Non-unique keys may cause children to be duplicated and/or omitted — the behavior is unsupported and could change in a future version. 1779797623259 @ http://localhost:3002/_next/static/chunks/0nan_next_dist_0re-alt._.js:3272
[  270729ms] [ERROR] Encountered two children with the same key, `%s`. Keys should be unique so that components maintain their identity across updates. Non-unique keys may cause children to be duplicated and/or omitted — the behavior is unsupported and could change in a future version. 1779797617777 @ http://localhost:3002/_next/static/chunks/0nan_next_dist_0re-alt._.js:3272
[  270729ms] [ERROR] Encountered two children with the same key, `%s`. Keys should be unique so that components maintain their identity across updates. Non-unique keys may cause children to be duplicated and/or omitted — the behavior is unsupported and could change in a future version. 1779797617777 @ http://localhost:3002/_next/static/chunks/0nan_next_dist_0re-alt._.js:3272
[  270729ms] [ERROR] Encountered two children with the same key, `%s`. Keys should be unique so that components maintain their identity across updates. Non-unique keys may cause children to be duplicated and/or omitted — the behavior is unsupported and could change in a future version. 1779797617777 @ http://localhost:3002/_next/static/chunks/0nan_next_dist_0re-alt._.js:3272
[  272032ms] [ERROR] Encountered two children with the same key, `%s`. Keys should be unique so that components maintain their identity across updates. Non-unique keys may cause children to be duplicated and/or omitted — the behavior is unsupported and could change in a future version. 1779797635482 @ http://localhost:3002/_next/static/chunks/0nan_next_dist_0re-alt._.js:3272
[  272032ms] [ERROR] Encountered two children with the same key, `%s`. Keys should be unique so that components maintain their identity across updates. Non-unique keys may cause children to be duplicated and/or omitted — the behavior is unsupported and could change in a future version. 1779797635482 @ http://localhost:3002/_next/static/chunks/0nan_next_dist_0re-alt._.js:3272
[  272032ms] [ERROR] Encountered two children with the same key, `%s`. Keys should be unique so that components maintain their identity across updates. Non-unique keys may cause children to be duplicated and/or omitted — the behavior is unsupported and could change in a future version. 1779797629492 @ http://localhost:3002/_next/static/chunks/0nan_next_dist_0re-alt._.js:3272
[  272032ms] [ERROR] Encountered two children with the same key, `%s`. Keys should be unique so that components maintain their identity across updates. Non-unique keys may cause children to be duplicated and/or omitted — the behavior is unsupported and could change in a future version. 1779797623259 @ http://localhost:3002/_next/static/chunks/0nan_next_dist_0re-alt._.js:3272
[  272032ms] [ERROR] Encountered two children with the same key, `%s`. Keys should be unique so that components maintain their identity across updates. Non-unique keys may cause children to be duplicated and/or omitted — the behavior is unsupported and could change in a future version. 1779797617777 @ http://localhost:3002/_next/static/chunks/0nan_next_dist_0re-alt._.js:3272
[  272033ms] [ERROR] Encountered two children with the same key, `%s`. Keys should be unique so that components maintain their identity across updates. Non-unique keys may cause children to be duplicated and/or omitted — the behavior is unsupported and could change in a future version. 1779797617777 @ http://localhost:3002/_next/static/chunks/0nan_next_dist_0re-alt._.js:3272
[  275842ms] [ERROR] Encountered two children with the same key, `%s`. Keys should be unique so that components maintain their identity across updates. Non-unique keys may cause children to be duplicated and/or omitted — the behavior is unsupported and could change in a future version. 1779797643458 @ http://localhost:3002/_next/static/chunks/0nan_next_dist_0re-alt._.js:3272
[  275842ms] [ERROR] Encountered two children with the same key, `%s`. Keys should be unique so that components maintain their identity across updates. Non-unique keys may cause children to be duplicated and/or omitted — the behavior is unsupported and could change in a future version. 1779797635482 @ http://localhost:3002/_next/static/chunks/0nan_next_dist_0re-alt._.js:3272
[  275842ms] [ERROR] Encountered two children with the same key, `%s`. Keys should be unique so that components maintain their identity across updates. Non-unique keys may cause children to be duplicated and/or omitted — the behavior is unsupported and could change in a future version. 1779797635482 @ http://localhost:3002/_next/static/chunks/0nan_next_dist_0re-alt._.js:3272
[  275842ms] [ERROR] Encountered two children with the same key, `%s`. Keys should be unique so that components maintain their identity across updates. Non-unique keys may cause children to be duplicated and/or omitted — the behavior is unsupported and could change in a future version. 1779797629492 @ http://localhost:3002/_next/static/chunks/0nan_next_dist_0re-alt._.js:3272
[  275842ms] [ERROR] Encountered two children with the same key, `%s`. Keys should be unique so that components maintain their identity across updates. Non-unique keys may cause children to be duplicated and/or omitted — the behavior is unsupported and could change in a future version. 1779797623259 @ http://localhost:3002/_next/static/chunks/0nan_next_dist_0re-alt._.js:3272
[  275842ms] [ERROR] Encountered two children with the same key, `%s`. Keys should be unique so that components maintain their identity across updates. Non-unique keys may cause children to be duplicated and/or omitted — the behavior is unsupported and could change in a future version. 1779797617777 @ http://localhost:3002/_next/static/chunks/0nan_next_dist_0re-alt._.js:3272
[  278155ms] [ERROR] Encountered two children with the same key, `%s`. Keys should be unique so that components maintain their identity across updates. Non-unique keys may cause children to be duplicated and/or omitted — the behavior is unsupported and could change in a future version. 1779797643458 @ http://localhost:3002/_next/static/chunks/0nan_next_dist_0re-alt._.js:3272
[  278155ms] [ERROR] Encountered two children with the same key, `%s`. Keys should be unique so that components maintain their identity across updates. Non-unique keys may cause children to be duplicated and/or omitted — the behavior is unsupported and could change in a future version. 1779797635482 @ http://localhost:3002/_next/static/chunks/0nan_next_dist_0re-alt._.js:3272
[  278155ms] [ERROR] Encountered two children with the same key, `%s`. Keys should be unique so that components maintain their identity across updates. Non-unique keys may cause children to be duplicated and/or omitted — the behavior is unsupported and could change in a future version. 1779797635482 @ http://localhost:3002/_next/static/chunks/0nan_next_dist_0re-alt._.js:3272
[  278155ms] [ERROR] Encountered two children with the same key, `%s`. Keys should be unique so that components maintain their identity across updates. Non-unique keys may cause children to be duplicated and/or omitted — the behavior is unsupported and could change in a future version. 1779797629492 @ http://localhost:3002/_next/static/chunks/0nan_next_dist_0re-alt._.js:3272
[  278155ms] [ERROR] Encountered two children with the same key, `%s`. Keys should be unique so that components maintain their identity across updates. Non-unique keys may cause children to be duplicated and/or omitted — the behavior is unsupported and could change in a future version. 1779797623259 @ http://localhost:3002/_next/static/chunks/0nan_next_dist_0re-alt._.js:3272
[  281664ms] [ERROR] Encountered two children with the same key, `%s`. Keys should be unique so that components maintain their identity across updates. Non-unique keys may cause children to be duplicated and/or omitted — the behavior is unsupported and could change in a future version. 1779797649390 @ http://localhost:3002/_next/static/chunks/0nan_next_dist_0re-alt._.js:3272
[  281664ms] [ERROR] Encountered two children with the same key, `%s`. Keys should be unique so that components maintain their identity across updates. Non-unique keys may cause children to be duplicated and/or omitted — the behavior is unsupported and could change in a future version. 1779797643458 @ http://localhost:3002/_next/static/chunks/0nan_next_dist_0re-alt._.js:3272
[  281664ms] [ERROR] Encountered two children with the same key, `%s`. Keys should be unique so that components maintain their identity across updates. Non-unique keys may cause children to be duplicated and/or omitted — the behavior is unsupported and could change in a future version. 1779797635482 @ http://localhost:3002/_next/static/chunks/0nan_next_dist_0re-alt._.js:3272
[  281665ms] [ERROR] Encountered two children with the same key, `%s`. Keys should be unique so that components maintain their identity across updates. Non-unique keys may cause children to be duplicated and/or omitted — the behavior is unsupported and could change in a future version. 1779797635482 @ http://localhost:3002/_next/static/chunks/0nan_next_dist_0re-alt._.js:3272
[  281665ms] [ERROR] Encountered two children with the same key, `%s`. Keys should be unique so that components maintain their identity across updates. Non-unique keys may cause children to be duplicated and/or omitted — the behavior is unsupported and could change in a future version. 1779797629492 @ http://localhost:3002/_next/static/chunks/0nan_next_dist_0re-alt._.js:3272
[  281665ms] [ERROR] Encountered two children with the same key, `%s`. Keys should be unique so that components maintain their identity across updates. Non-unique keys may cause children to be duplicated and/or omitted — the behavior is unsupported and could change in a future version. 1779797623259 @ http://localhost:3002/_next/static/chunks/0nan_next_dist_0re-alt._.js:3272
[  283649ms] [ERROR] Encountered two children with the same key, `%s`. Keys should be unique so that components maintain their identity across updates. Non-unique keys may cause children to be duplicated and/or omitted — the behavior is unsupported and could change in a future version. 1779797649390 @ http://localhost:3002/_next/static/chunks/0nan_next_dist_0re-alt._.js:3272
[  283650ms] [ERROR] Encountered two children with the same key, `%s`. Keys should be unique so that components maintain their identity across updates. Non-unique keys may cause children to be duplicated and/or omitted — the behavior is unsupported and could change in a future version. 1779797643458 @ http://localhost:3002/_next/static/chunks/0nan_next_dist_0re-alt._.js:3272
[  283650ms] [ERROR] Encountered two children with the same key, `%s`. Keys should be unique so that components maintain their identity across updates. Non-unique keys may cause children to be duplicated and/or omitted — the behavior is unsupported and could change in a future version. 1779797635482 @ http://localhost:3002/_next/static/chunks/0nan_next_dist_0re-alt._.js:3272
[  283650ms] [ERROR] Encountered two children with the same key, `%s`. Keys should be unique so that components maintain their identity across updates. Non-unique keys may cause children to be duplicated and/or omitted — the behavior is unsupported and could change in a future version. 1779797635482 @ http://localhost:3002/_next/static/chunks/0nan_next_dist_0re-alt._.js:3272
[  283650ms] [ERROR] Encountered two children with the same key, `%s`. Keys should be unique so that components maintain their identity across updates. Non-unique keys may cause children to be duplicated and/or omitted — the behavior is unsupported and could change in a future version. 1779797629492 @ http://localhost:3002/_next/static/chunks/0nan_next_dist_0re-alt._.js:3272
[  286110ms] [ERROR] Encountered two children with the same key, `%s`. Keys should be unique so that components maintain their identity across updates. Non-unique keys may cause children to be duplicated and/or omitted — the behavior is unsupported and could change in a future version. 1779797649390 @ http://localhost:3002/_next/static/chunks/0nan_next_dist_0re-alt._.js:3272
[  286111ms] [ERROR] Encountered two children with the same key, `%s`. Keys should be unique so that components maintain their identity across updates. Non-unique keys may cause children to be duplicated and/or omitted — the behavior is unsupported and could change in a future version. 1779797643458 @ http://localhost:3002/_next/static/chunks/0nan_next_dist_0re-alt._.js:3272
[  286111ms] [ERROR] Encountered two children with the same key, `%s`. Keys should be unique so that components maintain their identity across updates. Non-unique keys may cause children to be duplicated and/or omitted — the behavior is unsupported and could change in a future version. 1779797635482 @ http://localhost:3002/_next/static/chunks/0nan_next_dist_0re-alt._.js:3272
[  286111ms] [ERROR] Encountered two children with the same key, `%s`. Keys should be unique so that components maintain their identity across updates. Non-unique keys may cause children to be duplicated and/or omitted — the behavior is unsupported and could change in a future version. 1779797635482 @ http://localhost:3002/_next/static/chunks/0nan_next_dist_0re-alt._.js:3272
[  286111ms] [ERROR] Encountered two children with the same key, `%s`. Keys should be unique so that components maintain their identity across updates. Non-unique keys may cause children to be duplicated and/or omitted — the behavior is unsupported and could change in a future version. 1779797629492 @ http://localhost:3002/_next/static/chunks/0nan_next_dist_0re-alt._.js:3272
[  287086ms] [ERROR] Encountered two children with the same key, `%s`. Keys should be unique so that components maintain their identity across updates. Non-unique keys may cause children to be duplicated and/or omitted — the behavior is unsupported and could change in a future version. 1779797649390 @ http://localhost:3002/_next/static/chunks/0nan_next_dist_0re-alt._.js:3272
[  287087ms] [ERROR] Encountered two children with the same key, `%s`. Keys should be unique so that components maintain their identity across updates. Non-unique keys may cause children to be duplicated and/or omitted — the behavior is unsupported and could change in a future version. 1779797643458 @ http://localhost:3002/_next/static/chunks/0nan_next_dist_0re-alt._.js:3272
[  287087ms] [ERROR] Encountered two children with the same key, `%s`. Keys should be unique so that components maintain their identity across updates. Non-unique keys may cause children to be duplicated and/or omitted — the behavior is unsupported and could change in a future version. 1779797635482 @ http://localhost:3002/_next/static/chunks/0nan_next_dist_0re-alt._.js:3272
[  287087ms] [ERROR] Encountered two children with the same key, `%s`. Keys should be unique so that components maintain their identity across updates. Non-unique keys may cause children to be duplicated and/or omitted — the behavior is unsupported and could change in a future version. 1779797635482 @ http://localhost:3002/_next/static/chunks/0nan_next_dist_0re-alt._.js:3272
[  287087ms] [ERROR] Encountered two children with the same key, `%s`. Keys should be unique so that components maintain their identity across updates. Non-unique keys may cause children to be duplicated and/or omitted — the behavior is unsupported and could change in a future version. 1779797629492 @ http://localhost:3002/_next/static/chunks/0nan_next_dist_0re-alt._.js:3272
[  289874ms] [ERROR] Encountered two children with the same key, `%s`. Keys should be unique so that components maintain their identity across updates. Non-unique keys may cause children to be duplicated and/or omitted — the behavior is unsupported and could change in a future version. 1779797657262 @ http://localhost:3002/_next/static/chunks/0nan_next_dist_0re-alt._.js:3272
[  289874ms] [ERROR] Encountered two children with the same key, `%s`. Keys should be unique so that components maintain their identity across updates. Non-unique keys may cause children to be duplicated and/or omitted — the behavior is unsupported and could change in a future version. 1779797649390 @ http://localhost:3002/_next/static/chunks/0nan_next_dist_0re-alt._.js:3272
[  289875ms] [ERROR] Encountered two children with the same key, `%s`. Keys should be unique so that components maintain their identity across updates. Non-unique keys may cause children to be duplicated and/or omitted — the behavior is unsupported and could change in a future version. 1779797643458 @ http://localhost:3002/_next/static/chunks/0nan_next_dist_0re-alt._.js:3272
[  289875ms] [ERROR] Encountered two children with the same key, `%s`. Keys should be unique so that components maintain their identity across updates. Non-unique keys may cause children to be duplicated and/or omitted — the behavior is unsupported and could change in a future version. 1779797635482 @ http://localhost:3002/_next/static/chunks/0nan_next_dist_0re-alt._.js:3272
[  289875ms] [ERROR] Encountered two children with the same key, `%s`. Keys should be unique so that components maintain their identity across updates. Non-unique keys may cause children to be duplicated and/or omitted — the behavior is unsupported and could change in a future version. 1779797635482 @ http://localhost:3002/_next/static/chunks/0nan_next_dist_0re-alt._.js:3272
[  291861ms] [ERROR] Encountered two children with the same key, `%s`. Keys should be unique so that components maintain their identity across updates. Non-unique keys may cause children to be duplicated and/or omitted — the behavior is unsupported and could change in a future version. 1779797657262 @ http://localhost:3002/_next/static/chunks/0nan_next_dist_0re-alt._.js:3272
[  291862ms] [ERROR] Encountered two children with the same key, `%s`. Keys should be unique so that components maintain their identity across updates. Non-unique keys may cause children to be duplicated and/or omitted — the behavior is unsupported and could change in a future version. 1779797649390 @ http://localhost:3002/_next/static/chunks/0nan_next_dist_0re-alt._.js:3272
[  291862ms] [ERROR] Encountered two children with the same key, `%s`. Keys should be unique so that components maintain their identity across updates. Non-unique keys may cause children to be duplicated and/or omitted — the behavior is unsupported and could change in a future version. 1779797643458 @ http://localhost:3002/_next/static/chunks/0nan_next_dist_0re-alt._.js:3272
[  291862ms] [ERROR] Encountered two children with the same key, `%s`. Keys should be unique so that components maintain their identity across updates. Non-unique keys may cause children to be duplicated and/or omitted — the behavior is unsupported and could change in a future version. 1779797635482 @ http://localhost:3002/_next/static/chunks/0nan_next_dist_0re-alt._.js:3272
[  291862ms] [ERROR] Encountered two children with the same key, `%s`. Keys should be unique so that components maintain their identity across updates. Non-unique keys may cause children to be duplicated and/or omitted — the behavior is unsupported and could change in a future version. 1779797635482 @ http://localhost:3002/_next/static/chunks/0nan_next_dist_0re-alt._.js:3272
[  295144ms] [ERROR] Encountered two children with the same key, `%s`. Keys should be unique so that components maintain their identity across updates. Non-unique keys may cause children to be duplicated and/or omitted — the behavior is unsupported and could change in a future version. 1779797657262 @ http://localhost:3002/_next/static/chunks/0nan_next_dist_0re-alt._.js:3272
[  295144ms] [ERROR] Encountered two children with the same key, `%s`. Keys should be unique so that components maintain their identity across updates. Non-unique keys may cause children to be duplicated and/or omitted — the behavior is unsupported and could change in a future version. 1779797649390 @ http://localhost:3002/_next/static/chunks/0nan_next_dist_0re-alt._.js:3272
[  295144ms] [ERROR] Encountered two children with the same key, `%s`. Keys should be unique so that components maintain their identity across updates. Non-unique keys may cause children to be duplicated and/or omitted — the behavior is unsupported and could change in a future version. 1779797643458 @ http://localhost:3002/_next/static/chunks/0nan_next_dist_0re-alt._.js:3272
[  295144ms] [ERROR] Encountered two children with the same key, `%s`. Keys should be unique so that components maintain their identity across updates. Non-unique keys may cause children to be duplicated and/or omitted — the behavior is unsupported and could change in a future version. 1779797635482 @ http://localhost:3002/_next/static/chunks/0nan_next_dist_0re-alt._.js:3272
[  295912ms] [ERROR] Encountered two children with the same key, `%s`. Keys should be unique so that components maintain their identity across updates. Non-unique keys may cause children to be duplicated and/or omitted — the behavior is unsupported and could change in a future version. 1779797657262 @ http://localhost:3002/_next/static/chunks/0nan_next_dist_0re-alt._.js:3272
[  295912ms] [ERROR] Encountered two children with the same key, `%s`. Keys should be unique so that components maintain their identity across updates. Non-unique keys may cause children to be duplicated and/or omitted — the behavior is unsupported and could change in a future version. 1779797649390 @ http://localhost:3002/_next/static/chunks/0nan_next_dist_0re-alt._.js:3272
[  295912ms] [ERROR] Encountered two children with the same key, `%s`. Keys should be unique so that components maintain their identity across updates. Non-unique keys may cause children to be duplicated and/or omitted — the behavior is unsupported and could change in a future version. 1779797643458 @ http://localhost:3002/_next/static/chunks/0nan_next_dist_0re-alt._.js:3272
[  295912ms] [ERROR] Encountered two children with the same key, `%s`. Keys should be unique so that components maintain their identity across updates. Non-unique keys may cause children to be duplicated and/or omitted — the behavior is unsupported and could change in a future version. 1779797635482 @ http://localhost:3002/_next/static/chunks/0nan_next_dist_0re-alt._.js:3272
[  301147ms] [ERROR] Encountered two children with the same key, `%s`. Keys should be unique so that components maintain their identity across updates. Non-unique keys may cause children to be duplicated and/or omitted — the behavior is unsupported and could change in a future version. 1779797668603 @ http://localhost:3002/_next/static/chunks/0nan_next_dist_0re-alt._.js:3272
[  301147ms] [ERROR] Encountered two children with the same key, `%s`. Keys should be unique so that components maintain their identity across updates. Non-unique keys may cause children to be duplicated and/or omitted — the behavior is unsupported and could change in a future version. 1779797657262 @ http://localhost:3002/_next/static/chunks/0nan_next_dist_0re-alt._.js:3272
[  301147ms] [ERROR] Encountered two children with the same key, `%s`. Keys should be unique so that components maintain their identity across updates. Non-unique keys may cause children to be duplicated and/or omitted — the behavior is unsupported and could change in a future version. 1779797649390 @ http://localhost:3002/_next/static/chunks/0nan_next_dist_0re-alt._.js:3272
[  301147ms] [ERROR] Encountered two children with the same key, `%s`. Keys should be unique so that components maintain their identity across updates. Non-unique keys may cause children to be duplicated and/or omitted — the behavior is unsupported and could change in a future version. 1779797643458 @ http://localhost:3002/_next/static/chunks/0nan_next_dist_0re-alt._.js:3272
[  307150ms] [ERROR] Encountered two children with the same key, `%s`. Keys should be unique so that components maintain their identity across updates. Non-unique keys may cause children to be duplicated and/or omitted — the behavior is unsupported and could change in a future version. 1779797674577 @ http://localhost:3002/_next/static/chunks/0nan_next_dist_0re-alt._.js:3272
[  307150ms] [ERROR] Encountered two children with the same key, `%s`. Keys should be unique so that components maintain their identity across updates. Non-unique keys may cause children to be duplicated and/or omitted — the behavior is unsupported and could change in a future version. 1779797668603 @ http://localhost:3002/_next/static/chunks/0nan_next_dist_0re-alt._.js:3272
[  307150ms] [ERROR] Encountered two children with the same key, `%s`. Keys should be unique so that components maintain their identity across updates. Non-unique keys may cause children to be duplicated and/or omitted — the behavior is unsupported and could change in a future version. 1779797657262 @ http://localhost:3002/_next/static/chunks/0nan_next_dist_0re-alt._.js:3272
[  307150ms] [ERROR] Encountered two children with the same key, `%s`. Keys should be unique so that components maintain their identity across updates. Non-unique keys may cause children to be duplicated and/or omitted — the behavior is unsupported and could change in a future version. 1779797649390 @ http://localhost:3002/_next/static/chunks/0nan_next_dist_0re-alt._.js:3272
[  308937ms] [ERROR] Encountered two children with the same key, `%s`. Keys should be unique so that components maintain their identity across updates. Non-unique keys may cause children to be duplicated and/or omitted — the behavior is unsupported and could change in a future version. 1779797674577 @ http://localhost:3002/_next/static/chunks/0nan_next_dist_0re-alt._.js:3272
[  308937ms] [ERROR] Encountered two children with the same key, `%s`. Keys should be unique so that components maintain their identity across updates. Non-unique keys may cause children to be duplicated and/or omitted — the behavior is unsupported and could change in a future version. 1779797668603 @ http://localhost:3002/_next/static/chunks/0nan_next_dist_0re-alt._.js:3272
[  308937ms] [ERROR] Encountered two children with the same key, `%s`. Keys should be unique so that components maintain their identity across updates. Non-unique keys may cause children to be duplicated and/or omitted — the behavior is unsupported and could change in a future version. 1779797657262 @ http://localhost:3002/_next/static/chunks/0nan_next_dist_0re-alt._.js:3272
[  308937ms] [ERROR] Encountered two children with the same key, `%s`. Keys should be unique so that components maintain their identity across updates. Non-unique keys may cause children to be duplicated and/or omitted — the behavior is unsupported and could change in a future version. 1779797649390 @ http://localhost:3002/_next/static/chunks/0nan_next_dist_0re-alt._.js:3272
[  315102ms] [ERROR] Encountered two children with the same key, `%s`. Keys should be unique so that components maintain their identity across updates. Non-unique keys may cause children to be duplicated and/or omitted — the behavior is unsupported and could change in a future version. 1779797682548 @ http://localhost:3002/_next/static/chunks/0nan_next_dist_0re-alt._.js:3272
[  315102ms] [ERROR] Encountered two children with the same key, `%s`. Keys should be unique so that components maintain their identity across updates. Non-unique keys may cause children to be duplicated and/or omitted — the behavior is unsupported and could change in a future version. 1779797674577 @ http://localhost:3002/_next/static/chunks/0nan_next_dist_0re-alt._.js:3272
[  315102ms] [ERROR] Encountered two children with the same key, `%s`. Keys should be unique so that components maintain their identity across updates. Non-unique keys may cause children to be duplicated and/or omitted — the behavior is unsupported and could change in a future version. 1779797668603 @ http://localhost:3002/_next/static/chunks/0nan_next_dist_0re-alt._.js:3272
[  315103ms] [ERROR] Encountered two children with the same key, `%s`. Keys should be unique so that components maintain their identity across updates. Non-unique keys may cause children to be duplicated and/or omitted — the behavior is unsupported and could change in a future version. 1779797657262 @ http://localhost:3002/_next/static/chunks/0nan_next_dist_0re-alt._.js:3272
[  320946ms] [ERROR] Encountered two children with the same key, `%s`. Keys should be unique so that components maintain their identity across updates. Non-unique keys may cause children to be duplicated and/or omitted — the behavior is unsupported and could change in a future version. 1779797688223 @ http://localhost:3002/_next/static/chunks/0nan_next_dist_0re-alt._.js:3272
[  320947ms] [ERROR] Encountered two children with the same key, `%s`. Keys should be unique so that components maintain their identity across updates. Non-unique keys may cause children to be duplicated and/or omitted — the behavior is unsupported and could change in a future version. 1779797682548 @ http://localhost:3002/_next/static/chunks/0nan_next_dist_0re-alt._.js:3272
[  320947ms] [ERROR] Encountered two children with the same key, `%s`. Keys should be unique so that components maintain their identity across updates. Non-unique keys may cause children to be duplicated and/or omitted — the behavior is unsupported and could change in a future version. 1779797674577 @ http://localhost:3002/_next/static/chunks/0nan_next_dist_0re-alt._.js:3272
[  320947ms] [ERROR] Encountered two children with the same key, `%s`. Keys should be unique so that components maintain their identity across updates. Non-unique keys may cause children to be duplicated and/or omitted — the behavior is unsupported and could change in a future version. 1779797668603 @ http://localhost:3002/_next/static/chunks/0nan_next_dist_0re-alt._.js:3272
[  323664ms] [ERROR] Encountered two children with the same key, `%s`. Keys should be unique so that components maintain their identity across updates. Non-unique keys may cause children to be duplicated and/or omitted — the behavior is unsupported and could change in a future version. 1779797688223 @ http://localhost:3002/_next/static/chunks/0nan_next_dist_0re-alt._.js:3272
[  323665ms] [ERROR] Encountered two children with the same key, `%s`. Keys should be unique so that components maintain their identity across updates. Non-unique keys may cause children to be duplicated and/or omitted — the behavior is unsupported and could change in a future version. 1779797682548 @ http://localhost:3002/_next/static/chunks/0nan_next_dist_0re-alt._.js:3272
[  323665ms] [ERROR] Encountered two children with the same key, `%s`. Keys should be unique so that components maintain their identity across updates. Non-unique keys may cause children to be duplicated and/or omitted — the behavior is unsupported and could change in a future version. 1779797674577 @ http://localhost:3002/_next/static/chunks/0nan_next_dist_0re-alt._.js:3272
[  323665ms] [ERROR] Encountered two children with the same key, `%s`. Keys should be unique so that components maintain their identity across updates. Non-unique keys may cause children to be duplicated and/or omitted — the behavior is unsupported and could change in a future version. 1779797668603 @ http://localhost:3002/_next/static/chunks/0nan_next_dist_0re-alt._.js:3272
[  329784ms] [ERROR] Encountered two children with the same key, `%s`. Keys should be unique so that components maintain their identity across updates. Non-unique keys may cause children to be duplicated and/or omitted — the behavior is unsupported and could change in a future version. 1779797697557 @ http://localhost:3002/_next/static/chunks/0nan_next_dist_0re-alt._.js:3272
[  329785ms] [ERROR] Encountered two children with the same key, `%s`. Keys should be unique so that components maintain their identity across updates. Non-unique keys may cause children to be duplicated and/or omitted — the behavior is unsupported and could change in a future version. 1779797688223 @ http://localhost:3002/_next/static/chunks/0nan_next_dist_0re-alt._.js:3272
[  329785ms] [ERROR] Encountered two children with the same key, `%s`. Keys should be unique so that components maintain their identity across updates. Non-unique keys may cause children to be duplicated and/or omitted — the behavior is unsupported and could change in a future version. 1779797682548 @ http://localhost:3002/_next/static/chunks/0nan_next_dist_0re-alt._.js:3272
[  329785ms] [ERROR] Encountered two children with the same key, `%s`. Keys should be unique so that components maintain their identity across updates. Non-unique keys may cause children to be duplicated and/or omitted — the behavior is unsupported and could change in a future version. 1779797674577 @ http://localhost:3002/_next/static/chunks/0nan_next_dist_0re-alt._.js:3272
[  329785ms] [ERROR] Encountered two children with the same key, `%s`. Keys should be unique so that components maintain their identity across updates. Non-unique keys may cause children to be duplicated and/or omitted — the behavior is unsupported and could change in a future version. 1779797668603 @ http://localhost:3002/_next/static/chunks/0nan_next_dist_0re-alt._.js:3272
[  331334ms] [ERROR] Encountered two children with the same key, `%s`. Keys should be unique so that components maintain their identity across updates. Non-unique keys may cause children to be duplicated and/or omitted — the behavior is unsupported and could change in a future version. 1779797697557 @ http://localhost:3002/_next/static/chunks/0nan_next_dist_0re-alt._.js:3272
[  331335ms] [ERROR] Encountered two children with the same key, `%s`. Keys should be unique so that components maintain their identity across updates. Non-unique keys may cause children to be duplicated and/or omitted — the behavior is unsupported and could change in a future version. 1779797688223 @ http://localhost:3002/_next/static/chunks/0nan_next_dist_0re-alt._.js:3272
[  331335ms] [ERROR] Encountered two children with the same key, `%s`. Keys should be unique so that components maintain their identity across updates. Non-unique keys may cause children to be duplicated and/or omitted — the behavior is unsupported and could change in a future version. 1779797682548 @ http://localhost:3002/_next/static/chunks/0nan_next_dist_0re-alt._.js:3272
[  331335ms] [ERROR] Encountered two children with the same key, `%s`. Keys should be unique so that components maintain their identity across updates. Non-unique keys may cause children to be duplicated and/or omitted — the behavior is unsupported and could change in a future version. 1779797674577 @ http://localhost:3002/_next/static/chunks/0nan_next_dist_0re-alt._.js:3272
